latitude, longitude, altitude 
55.3672319, 10.4303618, 96.32283600176945 
55.3672325, 10.4303616, 96.34183559597545 
55.367233, 10.4303617, 96.34183480580421 
55.3672335, 10.4303619, 96.32883384612856 
55.3672341, 10.4303622, 96.31283259281423 
55.3672349, 10.4303622, 96.30883159973885 
55.3672357, 10.4303623, 96.32783043715736 
55.3672365, 10.4303617, 96.35683046109654 
55.3672373, 10.4303611, 96.37283048503305 
55.367238, 10.43036, 96.37783148061936 
55.3672388, 10.4303592, 96.37083184355745 
55.3672395, 10.4303586, 96.37583199162282 
55.3672403, 10.4303581, 96.39783184604613 
55.3672411, 10.4303576, 96.43883170046682 
55.3672421, 10.4303572, 96.47083113710664 
55.3672429, 10.4303566, 96.48083116102465 
55.3672437, 10.4303562, 96.47083084593353 
55.3672445, 10.430356, 96.45983019183322 
55.3672456, 10.430356, 96.46382882630672 
55.3672467, 10.4303561, 96.49782729127146 
55.3672478, 10.4303562, 96.5308257562308 
55.3672489, 10.430356, 96.54982472969522 
55.3672501, 10.4303558, 96.54982357901346 
55.3672513, 10.4303558, 96.53982208931838 
55.3672524, 10.4303558, 96.54482072375902 
55.3672535, 10.4303559, 96.56881918869061 
55.3672545, 10.4303559, 96.60381794726345 
55.3672554, 10.4303558, 96.62481699947904 
55.3672564, 10.4303557, 96.6288159275474 
55.3672574, 10.4303559, 96.62281434709978 
55.3672587, 10.4303564, 96.62081188570139 
55.3672599, 10.4303564, 96.64281039596045 
55.3672612, 10.4303563, 96.68180895157144 
55.3672625, 10.430356, 96.70780784618336 
55.3672639, 10.4303557, 96.70980661664112 
55.367265, 10.4303553, 96.70180592903756 
55.3672661, 10.4303548, 96.69480541093323 
55.3672671, 10.4303539, 96.70680569498923 
55.3672681, 10.430353, 96.73880597904108 
55.3672689, 10.430352, 96.74880668089112 
55.3672698, 10.430351, 96.71580725858894 
55.3672705, 10.4303507, 96.68080689805416 
55.3672713, 10.4303507, 96.67380590485482 
55.367272, 10.4303504, 96.70680554431563 
55.3672726, 10.4303499, 96.74280564693338 
55.3672729, 10.4303487, 96.7418073085308 
55.3672734, 10.4303475, 96.72580872182544 
55.3672734, 10.4303466, 96.70281024736121 
55.3672738, 10.4303459, 96.6898109372851 
55.3672744, 10.4303455, 96.6868108703942 
55.3672751, 10.4303451, 96.70481067935032 
55.3672758, 10.4303444, 96.70381099681612 
55.3672764, 10.4303438, 96.68081126892804 
55.3672769, 10.4303433, 96.63081149568677 
55.3672772, 10.4303432, 96.5938112927338 
55.3672776, 10.4303431, 96.57081096562797 
55.3672783, 10.4303432, 96.56380992705546 
55.367279, 10.430343, 96.5718093969925 
55.3672798, 10.4303425, 96.58480925128589 
55.3672805, 10.4303423, 96.56480872121855 
55.3672813, 10.4303421, 96.53180806699515 
55.367282, 10.4303419, 96.5028075369234 
55.3672826, 10.4303415, 96.48880747001226 
55.3672833, 10.4303414, 96.4858067704328 
55.367284, 10.4303411, 96.49780640985922 
55.3672844, 10.4303407, 96.47980659125405 
55.3672849, 10.4303404, 96.4398064789886 
55.3672851, 10.4303403, 96.39880640018134 
55.3672853, 10.4303403, 96.38580615186989 
55.3672854, 10.4303403, 96.38880602771411 
55.3672857, 10.4303402, 96.39780582475049 
55.3672854, 10.4303395, 96.39080738374606 
55.3672852, 10.4303387, 96.37480898808892 
55.3672851, 10.4303382, 96.36580995976391 
55.3672853, 10.4303376, 96.35381072847565 
55.3672856, 10.4303375, 96.35081052551234 
55.3672859, 10.4303372, 96.36581066155634 
55.3672861, 10.430337, 96.37081075225211 
55.3672864, 10.4303368, 96.35081071879162 
55.3672869, 10.4303369, 96.31180992850685 
55.3672875, 10.4303371, 96.26880884456043 
55.3672882, 10.4303374, 96.2388074669515 
55.367289, 10.4303377, 96.24680596518289 
55.3672894, 10.4303377, 96.24680546855345 
55.3672899, 10.4303377, 96.2358048477656 
55.3672907, 10.4303375, 96.17380419351099 
55.3672916, 10.4303372, 96.11180358459934 
55.3672924, 10.4303368, 96.0568032693472 
55.3672931, 10.4303364, 96.04580307825141 
55.3672941, 10.4303364, 96.00180183665904 
55.3672951, 10.4303364, 95.92380059506223 
55.3672966, 10.4303367, 95.85279822414591 
55.367298, 10.430337, 95.80179597738042 
55.3672996, 10.4303374, 95.75779331277758 
55.3673009, 10.4303374, 95.74879169866874 
55.3673021, 10.4303374, 95.71679020871548 
55.3673031, 10.4303375, 95.66378879757823 
55.3673042, 10.4303377, 95.57678709276783 
55.3673052, 10.4303377, 95.4987858511259 
55.3673064, 10.4303379, 95.45178402214 
55.3673075, 10.4303378, 95.43278282582777 
55.3673086, 10.4303377, 95.36878162951024 
55.3673096, 10.4303376, 95.27678055735387 
55.3673109, 10.430338, 95.18877826516733 
55.3673122, 10.4303386, 95.1257756339624 
55.3673134, 10.4303394, 95.08377278790653 
55.3673145, 10.4303397, 95.06177091353854 
55.3673156, 10.4303398, 95.03176937817568 
55.3673166, 10.4303398, 94.98376813648244 
55.3673177, 10.4303399, 94.90676660110927 
55.3673187, 10.43034, 94.85476518990116 
55.3673198, 10.4303404, 94.8247631460005 
55.3673209, 10.4303407, 94.81876127159981 
55.367322, 10.4303408, 94.79375973620503 
55.367323, 10.4303407, 94.73875866398896 
55.3673241, 10.430341, 94.65375678957201 
55.3673253, 10.4303411, 94.57775512998799 
55.3673263, 10.4303414, 94.5247533797332 
55.3673274, 10.4303419, 94.50475116628691 
55.3673281, 10.4303421, 94.48874995805261 
55.3673287, 10.4303422, 94.46474904349719 
55.3673294, 10.4303424, 94.38874783525861 
55.3673301, 10.4303424, 94.32574696603037 
55.3673312, 10.4303427, 94.28274509157669 
55.3673322, 10.4303429, 94.28074351080036 
55.3673333, 10.4303434, 94.27174129732272 
55.3673341, 10.4303438, 94.24373962587819 
55.3673353, 10.4303445, 94.1737369491986 
55.3673366, 10.4303453, 94.09573397882599 
55.3673379, 10.4303465, 94.04573033041642 
55.3673392, 10.4303474, 94.04272719051826 
55.3673406, 10.4303481, 94.02872426544499 
55.3673419, 10.4303485, 93.98272197306508 
55.3673432, 10.430349, 93.91371951116963 
55.3673446, 10.4303494, 93.8547170945911 
55.3673459, 10.4303497, 93.80771497169393 
55.3673471, 10.4303498, 93.80771331198785 
55.3673485, 10.4303501, 93.78971106489156 
55.3673496, 10.4303503, 93.73470935984807 
55.367351, 10.4303506, 93.65170711273555 
55.3673524, 10.430351, 93.58970469610585 
55.367354, 10.4303516, 93.57370169207744 
55.3673556, 10.4303521, 93.58869885754478 
55.3673575, 10.4303526, 93.58769565043558 
55.3673593, 10.4303529, 93.56969290651547 
55.3673609, 10.4303524, 93.55869176702899 
55.3673624, 10.4303519, 93.55969075172209 
55.3673639, 10.4303513, 93.58968990591447 
55.3673653, 10.4303506, 93.62968935379776 
55.3673664, 10.4303501, 93.64968883523176 
55.3673677, 10.4303497, 93.62968789876705 
55.3673684, 10.4303489, 93.62468838548784 
55.367369, 10.4303482, 93.65168882689093 
55.3673697, 10.4303478, 93.6926886355732 
55.3673706, 10.4303473, 93.7336883653748 
55.3673717, 10.430347, 93.73968750776746 
55.3673728, 10.4303467, 93.71468665015504 
55.367374, 10.4303465, 93.70668549883364 
55.3673753, 10.4303462, 93.73468439281922 
55.3673767, 10.430346, 93.77568299309246 
55.367378, 10.4303457, 93.8036818870631 
55.3673794, 10.4303456, 93.79268031781132 
55.3673807, 10.4303456, 93.76467870324007 
55.3673822, 10.4303456, 93.77467684026396 
55.3673837, 10.4303459, 93.80367446875047 
55.3673849, 10.4303457, 93.85267331737282 
55.3673859, 10.4303452, 93.88967292291753 
55.3673869, 10.4303447, 93.89567252845814 
55.3673879, 10.4303444, 93.87767179497612 
55.3673884, 10.4303436, 93.86767253004363 
55.367389, 10.4303429, 93.87667297139916 
55.3673899, 10.4303425, 93.89467253161985 
55.3673909, 10.4303418, 93.91767247616244 
55.367392, 10.4303412, 93.90967212698888 
55.367393, 10.4303409, 93.87667139348596 
55.3673941, 10.4303407, 93.85767036626589 
55.3673951, 10.4303408, 93.85266895471693 
55.3673964, 10.4303408, 93.8736673400587 
55.3673977, 10.4303408, 93.90666572539305 
55.3673986, 10.4303403, 93.91366545509058 
55.3673997, 10.43034, 93.90166459735363 
55.3674005, 10.4303393, 93.88866479026925 
55.3674014, 10.4303383, 93.89366536750367 
55.3674021, 10.4303373, 93.90466619314893 
55.3674028, 10.4303364, 93.9186668492826 
55.3674036, 10.4303358, 93.91066687267838 
55.3674046, 10.4303351, 93.89466681716476 
55.3674058, 10.4303351, 93.88066532666431 
55.3674072, 10.430335, 93.88266375724862 
55.3674084, 10.4303353, 93.90466175820592 
55.3674097, 10.4303354, 93.93565997396536 
55.3674111, 10.4303359, 93.94065738746747 
55.3674124, 10.4303363, 93.93365509468151 
55.3674139, 10.4303367, 93.926652553463 
55.3674154, 10.4303371, 93.92565001223389 
55.3674168, 10.4303375, 93.95064759520774 
55.3674179, 10.4303376, 93.97164605934537 
55.3674189, 10.4303378, 93.95864447818187 
55.3674199, 10.4303382, 93.93464255799313 
55.3674212, 10.4303388, 93.90663992613207 
55.3674224, 10.4303394, 93.89563741847877 
55.3674236, 10.4303399, 93.92363508032872 
55.3674249, 10.4303402, 93.95463295697576 
55.3674263, 10.4303404, 93.93363087890773 
55.3674276, 10.4303406, 93.89662892504937 
55.3674291, 10.4303409, 93.88262655323402 
55.3674305, 10.4303412, 93.9076243056281 
55.3674321, 10.4303415, 93.93762180957208 
55.3674336, 10.4303417, 93.94861960723674 
55.3674349, 10.430342, 93.9346174838235 
55.3674363, 10.4303426, 93.91761472764568 
55.3674378, 10.4303434, 93.91261150821191 
55.3674392, 10.4303443, 93.91560824347869 
55.3674409, 10.4303445, 93.92660579264428 
55.3674425, 10.4303444, 93.93560397455772 
55.3674444, 10.4303445, 93.93060144475808 
55.3674458, 10.4303446, 93.9345995360764 
55.3674475, 10.4303443, 93.9415979327523 
55.3674493, 10.4303438, 93.98559654421199 
55.3674506, 10.4303436, 94.02859526826586 
55.3674519, 10.4303434, 94.0355939923125 
55.3674533, 10.4303435, 94.01859208358508 
55.3674546, 10.4303437, 94.01259012956703 
55.367456, 10.4303443, 94.03558737326011 
55.3674574, 10.4303449, 94.09158461694346 
55.3674588, 10.4303447, 94.1485832167188 
55.3674601, 10.4303445, 94.17758194071877 
55.3674612, 10.4303434, 94.17058243879312 
55.3674623, 10.4303423, 94.16758293686235 
55.3674632, 10.4303409, 94.19858419193281 
55.3674643, 10.4303397, 94.25758485950513 
55.3674652, 10.430339, 94.3095849279797 
55.367466, 10.4303386, 94.31958461214863 
55.3674668, 10.4303386, 94.32158361826461 
55.3674678, 10.4303388, 94.32558203688033 
55.3674689, 10.4303389, 94.3845805007676 
55.36747, 10.4303388, 94.4765793036749 
55.3674709, 10.4303387, 94.55157835505203 
55.367472, 10.4303385, 94.59557732746268 
55.3674729, 10.4303385, 94.61457620931924 
55.3674738, 10.4303383, 94.62757543019805 
55.3674746, 10.430338, 94.65057494482542 
55.3674754, 10.4303375, 94.70257479847601 
55.3674756, 10.4303365, 94.73857624512596 
55.3674758, 10.4303356, 94.74057752226236 
55.3674763, 10.4303349, 94.71357808765379 
55.3674771, 10.4303341, 94.701578449837 
55.367478, 10.4303342, 94.69257716216245 
55.367479, 10.4303343, 94.70757575024342 
55.3674802, 10.430334, 94.74957476788876 
55.3674814, 10.4303336, 94.7885739550409 
55.3674826, 10.4303337, 94.78357229462235 
55.3674837, 10.4303336, 94.77857109746625 
55.3674851, 10.4303333, 94.79756986660078 
55.3674864, 10.430333, 94.8475687599711 
55.3674878, 10.4303325, 94.88656786811583 
55.3674892, 10.430332, 94.90656697625246 
55.3674905, 10.4303321, 94.90356519154756 
55.3674918, 10.4303321, 94.90956357634835 
55.367493, 10.4303326, 94.93656123782185 
55.3674942, 10.4303329, 94.99355923831519 
55.3674957, 10.430333, 95.0315572050846 
55.3674973, 10.4303329, 95.04055538662232 
55.367499, 10.4303333, 95.01655259633085 
55.3675005, 10.4303336, 95.0055502240404 
55.3675021, 10.4303339, 95.03154772748854 
55.3675036, 10.4303338, 95.08354603323252 
55.367505, 10.4303338, 95.10754429370502 
55.3675063, 10.4303339, 95.09854250890761 
55.3675075, 10.4303343, 95.07654033981345 
55.3675087, 10.4303346, 95.07253834022669 
55.3675099, 10.4303351, 95.10153600160442 
55.3675111, 10.4303354, 95.15653400200398 
55.3675123, 10.4303356, 95.1935321719113 
55.3675135, 10.4303358, 95.20153034181203 
55.3675146, 10.430336, 95.19352863596276 
55.3675159, 10.430336, 95.20152702062313 
55.3675169, 10.4303359, 95.21952594756391 
55.367518, 10.4303356, 95.25752508927192 
55.367519, 10.4303355, 95.26152401620371 
55.3675199, 10.4303355, 95.24452289787524 
55.3675209, 10.4303356, 95.2385214857689 
55.367522, 10.4303357, 95.25851994939825 
55.3675231, 10.4303355, 95.28951892156728 
55.3675242, 10.430335, 95.33051840227641 
55.3675251, 10.4303339, 95.32751914859315 
55.3675259, 10.4303331, 95.30251951062286 
55.3675269, 10.4303326, 95.28051911558131 
55.367528, 10.4303321, 95.28851859627332 
55.3675292, 10.4303316, 95.30851795269751 
55.3675303, 10.430331, 95.33551760289413 
55.3675316, 10.4303307, 95.35651649601297 
55.3675329, 10.4303303, 95.35551555863982 
55.3675343, 10.4303302, 95.36351398844914 
55.3675355, 10.43033, 95.38451283629634 
55.3675368, 10.4303299, 95.42251139035605 
55.3675381, 10.4303296, 95.47051028343904 
55.3675393, 10.4303293, 95.50650930078214 
55.3675406, 10.4303291, 95.51750802433602 
55.3675421, 10.4303285, 95.54050717740773 
55.3675434, 10.4303279, 95.56650657900798 
55.367545, 10.4303276, 95.61850509924639 
55.3675463, 10.4303271, 95.67650433131551 
55.3675477, 10.4303271, 95.7045025915292 
55.3675491, 10.4303271, 95.70650085173428 
55.3675506, 10.4303271, 95.72449898765869 
55.367552, 10.4303273, 95.75649690881426 
55.3675529, 10.4303264, 95.8234973160007 
55.3675538, 10.4303254, 95.88949789269944 
55.3675548, 10.4303245, 95.91949817560527 
55.3675557, 10.4303238, 95.92849824374966 
55.3675569, 10.4303228, 95.95049844761412 
55.3675581, 10.4303219, 95.97249848195696 
55.3675593, 10.4303208, 96.02449885532513 
55.3675604, 10.4303197, 96.06549935296329 
55.3675615, 10.4303191, 96.08049900301843 
55.3675627, 10.4303186, 96.08149835927604 
55.3675638, 10.4303183, 96.11349750077383 
55.3675649, 10.4303181, 96.15449647275082 
55.3675659, 10.4303177, 96.2224959080325 
55.3675669, 10.4303171, 96.27249568234143 
55.3675681, 10.4303165, 96.2914952080879 
55.3675691, 10.430316, 96.28949481287209 
55.3675702, 10.4303155, 96.30949429337204 
55.3675713, 10.430315, 96.34649377386702 
55.3675726, 10.4303144, 96.39949317531065 
55.3675737, 10.4303136, 96.43349316434202 
55.3675753, 10.4303137, 96.44749100631557 
55.3675768, 10.4303137, 96.44948914207653 
55.3675783, 10.4303139, 96.48348693879558 
55.3675797, 10.4303139, 96.53948519882086 
55.3675811, 10.4303141, 96.58548311980516 
55.3675824, 10.4303139, 96.60548184313087 
55.3675839, 10.4303141, 96.58747963981226 
55.3675854, 10.4303143, 96.5654774364834 
55.367587, 10.4303144, 96.56747527837337 
55.3675887, 10.4303142, 96.59647350451331 
55.3675901, 10.4303144, 96.61247142544102 
55.3675913, 10.4303144, 96.602469933972 
55.3675926, 10.4303148, 96.56146764013974 
55.3675939, 10.430315, 96.53246568533311 
55.3675952, 10.4303152, 96.52146373051879 
55.3675965, 10.4303154, 96.53646177569672 
55.3675978, 10.4303156, 96.56345982086695 
55.3675992, 10.4303156, 96.57445808077087 
55.3676005, 10.430316, 96.54745578689077 
55.3676019, 10.4303162, 96.52445370774316 
55.3676034, 10.4303168, 96.52845082622221 
55.3676048, 10.430317, 96.5594487470558 
55.3676063, 10.4303173, 96.57444637406677 
55.3676076, 10.4303176, 96.56844424966081 
55.3676092, 10.4303183, 96.53744107428372 
55.3676106, 10.4303189, 96.52543831700808 
55.3676121, 10.43032, 96.52543458783359 
55.3676135, 10.4303208, 96.56143149150088 
55.3676151, 10.4303216, 96.59642814655768 
55.3676166, 10.4303223, 96.60742509542092 
55.3676184, 10.4303239, 96.58842014569998 
55.3676203, 10.4303254, 96.58641524117634 
55.3676225, 10.4303274, 96.59740911612573 
55.3676248, 10.430329, 96.64140354481935 
55.3676272, 10.4303313, 96.65839666254068 
55.3676292, 10.4303333, 96.65239078601523 
55.3676317, 10.4303362, 96.62638276224283 
55.3676339, 10.4303387, 96.62337578943992 
55.3676365, 10.4303425, 96.66836611559137 
55.3676387, 10.4303452, 96.73335880367475 
55.3676412, 10.4303485, 96.76135010165689 
55.3676434, 10.4303514, 96.76034245062574 
55.3676462, 10.4303553, 96.76033235844464 
55.3676485, 10.4303584, 96.78032424397347 
55.3676511, 10.430362, 96.82231490889515 
55.3676535, 10.4303648, 96.87830717859522 
55.3676561, 10.430368, 96.90629852152102 
55.3676584, 10.4303707, 96.90229108498748 
55.367661, 10.4303742, 96.89628191925384 
55.367663, 10.430377, 96.90927468609155 
55.3676655, 10.4303807, 96.95326530554709 
55.3676676, 10.4303835, 97.01925794799263 
55.3676702, 10.4303871, 97.04424861256155 
55.3676724, 10.4303901, 97.03324079155554 
55.3676751, 10.4303943, 97.02723031454353 
55.3676771, 10.4303971, 97.0372230811754 
55.3676795, 10.430401, 97.0862134856463 
55.3676816, 10.4304039, 97.13920595835128 
55.367684, 10.4304075, 97.16819687132295 
55.367686, 10.4304105, 97.16218929876598 
55.3676882, 10.4304144, 97.15117995174404 
55.3676903, 10.4304179, 97.15817140713652 
55.3676924, 10.4304219, 97.19016201484393 
55.3676943, 10.4304253, 97.24215388837298 
55.3676965, 10.4304293, 97.2591443716643 
55.3676983, 10.4304326, 97.24813653899928 
55.3677007, 10.4304373, 97.2461255868075 
55.3677026, 10.4304409, 97.26711712113544 
55.3677047, 10.430445, 97.3001075590791 
55.3677066, 10.4304484, 97.33409943240346 
55.3677087, 10.4304522, 97.33809037886988 
55.3677104, 10.4304555, 97.31408267035923 
55.3677123, 10.4304596, 97.30007335685363 
55.3677138, 10.430463, 97.3020657274522 
55.3677155, 10.430467, 97.32805683211805 
55.3677169, 10.4304703, 97.37204949655235 
55.3677187, 10.430474, 97.39804098541296 
55.3677203, 10.4304772, 97.39103357062766 
55.367722, 10.4304811, 97.37402484471278 
55.3677234, 10.4304843, 97.36301767858748 
55.3677249, 10.430488, 97.37900954040244 
55.3677262, 10.4304908, 97.41200317673758 
55.3677275, 10.430494, 97.41599613490737 
55.3677285, 10.4304968, 97.39399014428295 
55.3677296, 10.4305005, 97.36598250344726 
55.3677304, 10.4305036, 97.3539762528989 
55.3677313, 10.4305072, 97.37696903028632 
55.3677322, 10.4305103, 97.40596265535012 
55.3677333, 10.4305136, 97.40095569259987 
55.3677342, 10.4305167, 97.37694931763465 
55.3677353, 10.4305202, 97.37094201577281 
55.3677362, 10.4305237, 97.3709349626188 
55.3677371, 10.4305263, 97.37992943530969 
55.3677379, 10.4305289, 97.3969240323537 
55.3677388, 10.4305318, 97.36591799640134 
55.3677394, 10.4305346, 97.31791250307259 
55.3677401, 10.4305378, 97.29990620720471 
55.3677407, 10.430541, 97.3109000356906 
55.3677412, 10.4305439, 97.33189449715636 
55.3677418, 10.4305469, 97.34988866470457 
55.3677425, 10.4305504, 97.33188186016446 
55.3677431, 10.4305533, 97.30387619723288 
55.3677439, 10.4305565, 97.28886977692731 
55.3677447, 10.4305595, 97.28586369569464 
55.3677455, 10.4305625, 97.29385761444985 
55.3677461, 10.4305652, 97.2878522905626 
55.3677465, 10.4305683, 97.24184653723113 
55.3677468, 10.4305713, 97.19984107780438 
55.3677473, 10.4305748, 97.18483452190722 
55.3677476, 10.4305778, 97.20182906246228 
55.3677482, 10.4305811, 97.20382272126142 
55.3677486, 10.4305842, 97.17881696788191 
55.3677492, 10.4305877, 97.1328102875679 
55.3677498, 10.4305912, 97.08980360724081 
55.3677506, 10.4305941, 97.07879769543098 
55.3677513, 10.4305971, 97.08479173843668 
55.367752, 10.4305999, 97.06778612052423 
55.3677525, 10.4306026, 97.02778092089659 
55.367753, 10.4306053, 96.98177572126093 
55.3677534, 10.430608, 96.95177064599199 
55.3677539, 10.4306109, 96.94476510724579 
55.3677545, 10.430614, 96.95775910501976 
55.367755, 10.4306168, 96.94575373580261 
55.3677556, 10.4306194, 96.91574858129715 
55.3677562, 10.4306221, 96.892743257235 
55.3677568, 10.4306249, 96.87673776361541 
55.3677575, 10.4306277, 96.88073214560913 
55.367758, 10.4306303, 96.89772711544671 
55.3677585, 10.4306327, 70.13972242437545 
55.3677588, 10.4306353, 70.05271764295514 
55.3677591, 10.4306378, 69.98171303107827 
55.3677593, 10.4306404, 69.93370837402435 
55.3677597, 10.4306431, 69.9317032986561 
55.3677601, 10.4306458, 69.94669822328049 
55.3677605, 10.4306486, 69.93269297834686 
55.3677608, 10.4306514, 69.89968785778547 
55.3677613, 10.4306542, 69.8716824884561 
55.3677619, 10.4306574, 69.86267631653189 
55.3677624, 10.43066, 69.88167128628754 
55.3677629, 10.4306623, 69.90166676469109 
55.3677634, 10.4306648, 69.8866619039843 
55.3677637, 10.4306673, 69.85365729203458 
55.3677639, 10.4306699, 69.82365263490873 
55.3677642, 10.4306726, 69.81564768384177 
55.3677645, 10.4306748, 69.8356435805325 
55.3677649, 10.4306774, 69.86463867462311 
55.3677653, 10.4306799, 69.84063393826011 
55.3677656, 10.4306825, 69.80962915672072 
55.3677659, 10.4306852, 69.7866242056212 
55.3677663, 10.4306879, 69.7966191301307 
55.3677668, 10.4306902, 69.82161460846515 
55.367767, 10.4306921, 69.81861113816505 
55.3677672, 10.4306943, 69.76460715919806 
55.3677673, 10.4306969, 69.71660262639297 
55.3677675, 10.4306993, 69.69859830830696 
55.3677676, 10.4307018, 69.72059394504618 
55.3677679, 10.4307043, 69.74758933300906 
55.3677682, 10.4307069, 69.75858455141044 
55.3677684, 10.4307093, 69.72658023330311 
55.3677687, 10.4307117, 69.68957579080435 
55.3677689, 10.4307145, 69.66057079446202 
55.3677691, 10.4307172, 69.66556596766935 
55.3677694, 10.4307196, 69.67456152515301 
55.3677696, 10.4307217, 69.65955771568878 
55.3677697, 10.4307241, 69.61355352193715 
55.3677696, 10.4307267, 69.57754923784154 
55.3677697, 10.4307291, 69.56454504408038 
55.3677697, 10.4307316, 69.58154080514475 
55.3677699, 10.4307343, 69.60353597831296 
55.36777, 10.4307368, 69.60053161497896 
55.3677702, 10.4307392, 69.56052729680962 
55.3677704, 10.4307417, 69.5325228090769 
55.3677706, 10.430744, 69.5195186604557 
55.3677708, 10.4307466, 69.53951400315366 
55.3677712, 10.4307487, 69.54450994486199 
55.3677715, 10.4307511, 69.52350550227754 
55.3677717, 10.4307535, 69.48050118407727 
55.3677718, 10.4307559, 69.4514969902618 
55.3677719, 10.4307584, 69.44149262688191 
55.3677721, 10.4307609, 69.46348813910666 
55.3677724, 10.4307633, 69.47748369649565 
55.3677727, 10.4307659, 69.46447891475847 
55.3677729, 10.430768, 69.4304751052084 
55.3677732, 10.4307706, 69.39947032345981 
55.3677735, 10.4307729, 69.37446605038758 
55.3677739, 10.4307751, 69.37846182247971 
55.3677742, 10.4307772, 69.37445788851969 
55.3677745, 10.4307792, 69.34445412411668 
55.3677747, 10.4307813, 69.29245031454039 
55.3677747, 10.4307836, 69.25144641462151 
55.3677747, 10.4307861, 69.23044217557455 
55.3677747, 10.4307883, 69.24843844520927 
55.3677749, 10.4307906, 69.26143429649233 
55.3677751, 10.4307927, 69.25143048689569 
55.3677753, 10.4307951, 69.209426168607 
55.3677756, 10.4307975, 69.17142172591974 
55.3677759, 10.4308, 69.1454171136639 
55.3677761, 10.4308023, 69.15441296492264 
55.3677765, 10.4308044, 69.1424089065153 
55.3677767, 10.4308064, 69.0954052664556 
55.3677768, 10.4308086, 69.03440141165916 
55.3677769, 10.430811, 68.98939721773078 
55.367777, 10.4308134, 68.95639302379763 
55.3677771, 10.4308158, 68.96338882985978 
55.3677773, 10.4308181, 68.95538468108658 
55.3677775, 10.4308206, 68.92138019317917 
55.3677778, 10.4308229, 68.86737592000054 
55.3677782, 10.4308251, 68.82137169198603 
55.3677786, 10.4308275, 68.79136712483555 
55.3677791, 10.4308298, 68.79336260284795 
55.3677795, 10.4308318, 68.78035871394826 
55.3677799, 10.4308339, 68.73635465547804 
55.3677803, 10.4308358, 68.68235093613512 
55.3677806, 10.4308378, 68.64134717161932 
55.3677809, 10.4308398, 68.62234340709954 
55.3677811, 10.4308419, 68.64133959740707 
55.3677814, 10.430844, 68.64033566331246 
55.3677815, 10.430846, 68.6063321475772 
55.3677818, 10.4308481, 68.5543282134744 
55.3677821, 10.4308501, 68.50732444893447 
55.3677824, 10.4308526, 68.47531983655318 
55.3677827, 10.4308546, 68.47431607200429 
55.3677829, 10.4308566, 68.44031243185088 
55.367783, 10.4308585, 68.39330908566146 
55.3677829, 10.4308604, 68.36230598826847 
55.3677829, 10.4308624, 68.34330259690483 
55.3677828, 10.4308647, 68.33029882123272 
55.3677829, 10.4308673, 68.33529428805089 
55.367783, 10.4308695, 68.30929043313884 
55.3677831, 10.4308716, 68.26528674779182 
55.3677833, 10.4308737, 68.22328293804064 
55.3677834, 10.4308758, 68.18727925268617 
55.3677837, 10.4308779, 68.16927531852635 
55.3677841, 10.43088, 68.16727125996101 
55.3677842, 10.430882, 68.13326774416471 
55.3677842, 10.4308841, 68.06726418319649 
55.3677843, 10.4308862, 68.01426049782334 
55.3677843, 10.4308884, 67.98525676727787 
55.3677844, 10.4308908, 67.97925257318586 
55.3677845, 10.4308932, 67.99024837908915 
55.3677846, 10.4308956, 67.9612441849877 
55.3677847, 10.4308982, 67.90923965173937 
55.367785, 10.4309006, 67.86623520882317 
55.3677853, 10.430903, 67.83323076590139 
55.3677857, 10.4309052, 67.81922653771448 
55.367786, 10.4309072, 67.80622277306936 
55.3677862, 10.4309093, 67.74321896325165 
55.3677863, 10.4309115, 67.68021510826135 
55.3677864, 10.4309139, 67.6392109141223 
55.3677866, 10.4309161, 67.64120693471972 
55.3677868, 10.4309186, 67.65520244659456 
55.367787, 10.4309209, 67.65319829760983 
55.3677872, 10.4309233, 67.62019397904726 
55.3677874, 10.4309255, 67.58818999962631 
55.3677877, 10.4309277, 67.55418589579605 
55.3677881, 10.43093, 67.54018149798205 
55.3677886, 10.4309321, 67.54417731490462 
55.3677889, 10.4309342, 67.51517338063347 
55.3677891, 10.4309362, 67.4661697403382 
55.3677892, 10.4309384, 67.43216588529666 
55.3677895, 10.4309406, 67.4151617814384 
55.3677898, 10.4309428, 67.4411576775754 
55.3677901, 10.430945, 67.46315357370761 
55.3677903, 10.4309472, 67.45614959424213 
55.3677904, 10.4309494, 67.43414573917966 
55.3677906, 10.4309517, 67.40514159013023 
55.3677908, 10.4309538, 67.3951377802275 
55.3677912, 10.4309559, 67.42313372150511 
55.3677914, 10.4309579, 67.42213008117011 
55.3677915, 10.43096, 67.37712639566347 
55.3677915, 10.4309623, 67.32612249540878 
55.3677914, 10.4309646, 67.30711871955842 
55.3677915, 10.4309669, 67.33511469488717 
55.3677917, 10.4309693, 67.37711037622593 
55.3677917, 10.4309716, 67.36110647595453 
55.3677917, 10.4309738, 67.31610274525633 
55.3677919, 10.4309762, 67.29109842658124 
55.3677922, 10.4309788, 67.29009364433637 
55.3677924, 10.4309808, 67.29509000396202 
55.3677927, 10.4309829, 67.29908606959619 
55.3677928, 10.4309847, 67.27108289278057 
55.3677927, 10.4309866, 67.22807979520395 
55.3677924, 10.4309886, 67.19307677686628 
55.3677921, 10.4309906, 67.1910737585257 
55.367792, 10.4309928, 67.21307015220484 
55.367792, 10.430995, 67.23006642147033 
55.367792, 10.4309976, 67.21206201241566 
55.3677921, 10.431, 67.18405781810407 
55.3677924, 10.4310024, 67.16905337496657 
55.3677927, 10.4310048, 67.18004893182358 
55.367793, 10.431007, 67.1900448278349 
55.3677932, 10.431009, 67.1830411874129 
55.3677934, 10.4310111, 67.147037377407 
55.3677936, 10.4310131, 67.11403373697758 
55.3677939, 10.4310152, 67.10002980255206 
55.3677942, 10.4310172, 67.11502603770289 
55.3677945, 10.4310193, 67.13202210326875 
55.3677948, 10.4310214, 67.13001816883025 
55.3677949, 10.4310235, 67.09601448321288 
55.367795, 10.4310256, 67.06701079759183 
55.3677951, 10.4310278, 67.05600694238554 
55.3677953, 10.4310302, 67.07800262359854 
55.3677957, 10.4310321, 67.1009989038894 
55.367796, 10.4310339, 67.09599547817197 
55.3677961, 10.431036, 67.05899179253197 
55.3677961, 10.4310382, 67.02398806171993 
55.3677963, 10.4310403, 67.01498425165856 
55.3677965, 10.4310425, 67.04198027201042 
55.3677968, 10.4310446, 67.06497633752639 
55.3677969, 10.4310471, 67.0469719735348 
55.3677969, 10.4310492, 67.01296841228643 
55.3677968, 10.4310514, 66.99396480586603 
55.367797, 10.4310537, 67.00096065661336 
55.3677971, 10.4310561, 67.02595646218738 
55.3677973, 10.4310583, 67.02195248250939 
55.3677974, 10.4310605, 66.99194862724269 
55.3677974, 10.4310627, 66.95494489638772 
55.3677973, 10.4310651, 66.93794095077561 
55.3677974, 10.4310672, 66.9459372650818 
55.3677976, 10.4310693, 66.9719334549683 
55.3677978, 10.4310716, 66.97392930568063 
55.3677979, 10.4310739, 66.94792528080471 
55.367798, 10.4310761, 66.92492142550994 
55.3677982, 10.4310783, 66.9119174457944 
55.3677985, 10.4310806, 66.91491317207172 
55.3677988, 10.4310824, 66.92290974627397 
55.367799, 10.4310843, 66.89390627530412 
55.367799, 10.4310862, 66.858903053166 
55.367799, 10.4310882, 66.83589966143869 
55.367799, 10.4310902, 66.83889626970827 
55.3677991, 10.4310926, 66.86489207520988 
55.3677992, 10.4310946, 66.88188855905466 
55.3677992, 10.4310967, 66.85788499772707 
55.3677992, 10.4310988, 66.82488143639611 
55.3677994, 10.4311011, 66.80787728705019 
55.3677996, 10.4311034, 66.81887313769957 
55.3677998, 10.4311055, 66.83486932751994 
55.3678, 10.4311074, 66.82786585651226 
55.3678001, 10.4311093, 66.79286250992037 
55.3678001, 10.4311114, 66.76285894856815 
55.3678001, 10.4311133, 66.7568557263894 
55.3678, 10.4311155, 66.77685211986143 
55.3678, 10.4311177, 66.7918483889105 
55.3678001, 10.4311199, 66.78284453353628 
55.3678, 10.4311222, 66.74784075740834 
55.3678, 10.431124, 66.7288377048031 
55.3678001, 10.4311262, 66.72683384941791 
55.3678002, 10.4311286, 66.74082965484952 
55.3678004, 10.431131, 66.7388253358562 
55.3678005, 10.4311332, 66.70582148045821 
55.3678006, 10.4311351, 66.66881813382666 
55.3678007, 10.4311375, 66.64381393924063 
55.3678008, 10.4311396, 66.63881025342137 
55.3678009, 10.4311418, 66.65980639800779 
55.367801, 10.431144, 66.65780254259026 
55.3678012, 10.4311464, 66.63079822356539 
55.3678014, 10.4311487, 66.59379407412669 
55.3678016, 10.4311511, 66.56478975509188 
55.3678018, 10.4311533, 66.55078577523521 
55.3678022, 10.4311555, 66.5707815465299 
55.3678025, 10.4311575, 66.57777778142568 
55.3678027, 10.4311593, 66.5537744799243 
55.3678029, 10.4311613, 66.51277083923534 
55.367803, 10.4311633, 66.4897673229657 
55.3678031, 10.4311654, 66.48676363710018 
55.3678032, 10.4311675, 66.51875995123106 
55.3678035, 10.4311695, 66.53275618610441 
55.3678037, 10.4311716, 66.52275237580423 
55.3678038, 10.4311738, 66.49174852033065 
55.3678038, 10.4311759, 66.48574495887041 
55.367804, 10.4311781, 66.49074097896512 
55.3678042, 10.4311803, 66.51373699905555 
55.3678044, 10.4311824, 66.52473318873564 
55.3678045, 10.4311843, 66.50372984202451 
55.3678046, 10.4311864, 66.4777261561219 
55.3678045, 10.4311886, 66.46572254947087 
55.3678045, 10.4311909, 66.4727186487968 
55.3678046, 10.4311935, 66.5097141149092 
55.3678046, 10.4311957, 66.5227103838213 
55.3678046, 10.4311978, 66.50770682232489 
55.3678047, 10.4312, 66.49170296680433 
55.367805, 10.4312024, 66.47369852323757 
55.3678052, 10.4312045, 66.4696947128783 
55.3678055, 10.4312068, 66.49869043889726 
55.3678056, 10.431209, 66.51568658335972 
55.3678055, 10.4312108, 66.49268365505571 
55.3678054, 10.4312126, 66.46868072674934 
55.3678052, 10.4312145, 66.46367775327047 
55.3678048, 10.4312164, 66.49067502864155 
55.3678045, 10.4312184, 66.54367200998702 
55.3678043, 10.4312206, 66.54966852770961 
55.3678041, 10.4312229, 66.51266487583169 
55.3678039, 10.4312253, 66.48466105435271 
55.3678038, 10.4312276, 66.47665727804068 
55.3678038, 10.43123, 66.48965320770075 
55.3678038, 10.4312321, 66.50764964614969 
55.3678037, 10.4312343, 66.47264603942394 
55.3678036, 10.4312365, 66.4166424326946 
55.3678034, 10.4312387, 66.38363895038843 
55.3678031, 10.431241, 66.37763542290706 
55.3678029, 10.4312433, 66.38563177099522 
55.3678027, 10.4312455, 66.40162828867828 
55.3678026, 10.4312477, 66.38162468193116 
55.3678024, 10.4312499, 66.33162119960727 
55.3678022, 10.431252, 66.2886178868791 
55.3678021, 10.4312543, 66.2666141105222 
55.367802, 10.4312565, 66.26361050376094 
55.367802, 10.4312586, 66.25460694216883 
55.367802, 10.4312605, 66.21160371977308 
55.3678017, 10.4312625, 66.14160070105589 
55.3678014, 10.4312644, 66.09259785193598 
55.367801, 10.4312664, 66.0695949576401 
55.3678005, 10.4312684, 66.07659218776809 
55.3678001, 10.4312707, 66.09658878466452 
55.3677997, 10.4312728, 66.08458572075843 
55.3677993, 10.4312748, 66.04458282644985 
55.3677989, 10.4312769, 66.0215797625373 
55.3677985, 10.4312789, 66.01357686822256 
55.3677983, 10.431281, 66.02057355545078 
55.3677981, 10.4312828, 66.03157075147998 
55.3677979, 10.4312846, 66.00556794750688 
55.3677975, 10.4312865, 65.96356522278256 
55.367797, 10.4312885, 65.93556245288003 
55.3677966, 10.4312903, 65.93455989775188 
55.3677962, 10.4312923, 65.96155700341723 
55.3677958, 10.4312943, 65.97155410907955 
55.3677952, 10.4312964, 65.94355129398826 
55.3677945, 10.4312988, 65.9105480945116 
55.3677937, 10.4313014, 65.8875446802501 
55.3677931, 10.4313037, 65.88054152594046 
55.3677927, 10.4313056, 65.89653880118777 
55.3677924, 10.4313074, 65.88453612161027 
55.367792, 10.4313093, 65.83853339685228 
55.3677915, 10.4313112, 65.7945307965165 
55.3677909, 10.431313, 65.78052849020578 
55.3677903, 10.4313148, 65.80652618389206 
55.3677897, 10.4313168, 65.84052353836812 
55.367789, 10.4313191, 65.85252050845365 
55.3677883, 10.4313212, 65.83951781774226 
55.3677877, 10.4313233, 65.8275150026029 
55.367787, 10.4313255, 65.84751214227926 
55.3677864, 10.4313276, 65.89050932713204 
55.3677859, 10.4313295, 65.9325067267666 
55.3677853, 10.4313315, 65.93850408121682 
55.3677844, 10.4313333, 65.92350214814145 
55.3677835, 10.4313352, 65.90850004545683 
55.3677827, 10.4313372, 65.90549764874045 
55.367782, 10.4313392, 65.93049512759772 
55.3677815, 10.4313414, 65.95749201839709 
55.3677811, 10.4313435, 65.95348895437614 
55.3677806, 10.4313456, 65.91948601477365 
55.3677801, 10.4313478, 65.87748290556213 
55.3677798, 10.4313499, 65.86247971710941 
55.3677794, 10.4313521, 65.87347648346923 
55.3677791, 10.4313542, 65.87147329500998 
55.3677787, 10.431356, 65.83947073978726 
55.3677783, 10.4313579, 65.7974680149558 
55.3677778, 10.4313598, 65.76846541454279 
55.3677772, 10.431362, 65.77446242972849 
55.3677767, 10.4313641, 65.8074594900958 
55.3677763, 10.4313663, 65.80645625643206 
55.3677758, 10.4313684, 65.77545331679245 
55.3677755, 10.4313706, 65.74244995870097 
55.3677751, 10.4313728, 65.72244672502667 
55.3677749, 10.431375, 65.71844324250759 
55.3677747, 10.431377, 65.72544009920011 
55.3677745, 10.4313789, 65.71743712549733 
55.3677743, 10.4313809, 65.68443398218426 
55.367774, 10.431383, 65.64843079368097 
55.3677736, 10.4313848, 65.63142823841929 
55.3677732, 10.4313866, 65.63342568315507 
55.3677728, 10.4313885, 65.65542295828006 
55.3677725, 10.4313905, 65.66241993937355 
55.3677721, 10.4313926, 65.63541687527581 
55.3677717, 10.4313949, 65.59941347195732 
55.3677713, 10.4313972, 65.58141006863494 
55.3677708, 10.4313995, 65.59340678972868 
55.3677704, 10.4314016, 65.63040372561687 
55.3677702, 10.4314035, 65.64740075188061 
55.3677698, 10.4314055, 65.62339785737214 
55.3677695, 10.4314072, 65.61439534726962 
55.3677691, 10.4314091, 65.62039262236529 
55.3677686, 10.4314115, 65.65238917382851 
55.3677683, 10.4314139, 65.69638547644831 
55.3677681, 10.4314164, 65.69438148503417 
55.3677678, 10.4314188, 65.66137778764552 
55.3677675, 10.4314211, 65.63637425986332 
55.3677674, 10.4314233, 65.62937065284885 
55.3677673, 10.4314257, 65.64336670660904 
55.3677672, 10.4314278, 65.67336326919819 
55.367767, 10.4314298, 65.67536012581517 
55.3677667, 10.4314318, 65.65535710684894 
55.3677665, 10.4314337, 65.64235413307165 
55.3677662, 10.4314356, 65.64135128371143 
55.367766, 10.4314375, 65.66834830992893 
55.3677658, 10.4314398, 65.71334465769627 
55.3677659, 10.4314418, 65.71734114103663 
55.3677659, 10.4314438, 65.70033774879371 
55.367766, 10.4314461, 65.69233372329047 
55.3677661, 10.4314485, 65.6993295281703 
55.3677659, 10.4314509, 65.71832570630647 
55.3677658, 10.4314531, 65.74632209924404 
55.3677657, 10.4314554, 65.738318322565 
55.3677654, 10.4314574, 65.69631530356264 
55.3677651, 10.4314594, 65.67631228455735 
55.3677647, 10.4314614, 65.6853093899695 
55.3677645, 10.4314635, 65.72030607692452 
55.3677644, 10.4314658, 65.76930230022843 
55.3677646, 10.4314678, 65.78729865910914 
55.3677649, 10.4314698, 65.78329489356548 
55.3677654, 10.4314719, 65.79329070956148 
55.3677658, 10.4314744, 65.81228597151511 
55.3677662, 10.4314764, 65.86128208153613 
55.3677667, 10.4314782, 65.9122784063605 
55.3677669, 10.4314798, 65.919275443677 
55.367767, 10.4314815, 65.89927243579808 
55.3677669, 10.4314836, 65.8992689983001 
55.3677668, 10.4314856, 65.91026573041438 
55.3677667, 10.4314875, 65.94826263214135 
55.3677668, 10.4314899, 66.00525843694183 
55.3677671, 10.431492, 66.03525450174018 
55.3677674, 10.4314941, 66.03225056653413 
55.3677677, 10.4314962, 66.0262466313237 
55.367768, 10.4314983, 66.02724269610891 
55.3677682, 10.4315006, 66.05623854608004 
55.3677685, 10.4315023, 66.08023528932378 
55.3677685, 10.4315043, 66.07323189698549 
55.3677685, 10.4315062, 66.04422867426128 
55.3677686, 10.431508, 66.02922549672743 
55.3677686, 10.4315099, 66.03222227399773 
55.3677686, 10.4315119, 66.07421888164768 
55.3677686, 10.4315139, 66.11721548929455 
55.3677687, 10.4315161, 66.117211633278 
55.3677689, 10.4315184, 66.09120748321463 
55.3677691, 10.4315208, 66.07620316352833 
55.3677694, 10.431523, 66.07919905864868 
55.3677697, 10.431525, 66.0961952930016 
55.36777, 10.4315268, 66.10819186658806 
55.3677701, 10.4315287, 66.0851885194039 
55.3677701, 10.4315309, 66.04818478778539 
55.36777, 10.431533, 66.03118135020843 
55.3677699, 10.4315351, 66.03417791262822 
55.3677697, 10.4315372, 66.06517459947088 
55.3677696, 10.4315395, 66.0961708226448 
55.3677696, 10.4315417, 66.08716709100855 
55.3677696, 10.431544, 66.06316318974854 
55.3677698, 10.4315461, 66.04315937887206 
55.36777, 10.4315483, 66.03315539837118 
55.3677705, 10.4315505, 66.03815104458518 
55.3677709, 10.4315526, 66.04714698484142 
55.3677713, 10.4315543, 66.0281436035767 
55.3677716, 10.4315559, 66.00514051635727 
55.367772, 10.4315574, 65.99513747432827 
55.3677723, 10.431559, 66.00813438710317 
55.3677725, 10.4315605, 66.04713159392517 
55.3677727, 10.4315621, 66.07812863112328 
55.3677727, 10.4315637, 66.06812591717633 
55.3677727, 10.4315658, 66.04912235511794 
55.3677726, 10.4315678, 66.04811908710703 
55.3677725, 10.43157, 66.06011547984876 
55.3677725, 10.4315721, 66.08011191778044 
55.3677725, 10.431574, 66.09210869495382 
55.3677722, 10.4315759, 66.07010584541149 
55.3677719, 10.4315779, 66.03410282624381 
55.3677713, 10.4315797, 66.01910051960549 
55.3677707, 10.4315815, 66.02209821296415 
55.3677705, 10.4315837, 66.05209473011323 
55.3677704, 10.4315859, 66.08309112283013 
55.3677702, 10.4315882, 66.06708747034871 
55.36777, 10.4315905, 66.0290838178635 
55.3677699, 10.4315929, 66.01107987132187 
55.3677697, 10.4315951, 66.02207638845292 
55.3677695, 10.431597, 66.07307341445296 
55.3677695, 10.4315985, 66.10707087008984 
55.3677692, 10.4316004, 66.0720680205141 
55.3677689, 10.4316024, 66.01206500131119 
55.3677685, 10.4316044, 65.9700621065341 
55.3677681, 10.4316065, 65.97405904212917 
55.3677678, 10.4316087, 66.00705568366745 
55.3677677, 10.4316111, 66.02505173709478 
55.3677674, 10.4316133, 65.98604837862584 
55.3677672, 10.4316156, 65.93704472609934 
55.367767, 10.4316179, 65.92604107356902 
55.3677668, 10.4316203, 65.94203725140916 
55.3677667, 10.4316225, 65.97803364406833 
55.3677665, 10.4316245, 65.997030500405 
55.3677662, 10.4316266, 65.9730273115413 
55.3677658, 10.4316287, 65.9420242471031 
55.3677654, 10.4316308, 65.93102118266162 
55.3677649, 10.4316331, 65.94901790339199 
55.3677645, 10.4316353, 65.99501466931675 
55.3677643, 10.4316374, 66.02801135600816 
55.3677639, 10.4316394, 66.01700846118035 
55.3677636, 10.4316411, 66.000005950803 
55.3677633, 10.4316433, 66.00100259228664 
55.367763, 10.4316453, 66.0339995730219 
55.3677628, 10.4316466, 66.05499761671963 
55.3677626, 10.4316477, 66.05499599967162 
55.3677623, 10.4316492, 66.0309938285396 
55.3677619, 10.4316508, 66.01199161220606 
55.3677615, 10.4316526, 66.01598905661433 
55.367761, 10.4316548, 66.0619859469353 
55.3677606, 10.4316567, 66.09798322170974 
55.3677603, 10.4316585, 66.12398054168222 
55.3677598, 10.4316606, 66.12497760162182 
55.3677594, 10.4316625, 66.1269748763879 
55.3677589, 10.4316647, 66.15697176669208 
55.3677586, 10.4316665, 66.20596908665385 
55.3677582, 10.4316681, 66.21696687029862 
55.3677577, 10.4316698, 66.19996460873926 
55.3677573, 10.4316717, 66.18996188349189 
55.3677567, 10.4316738, 66.19195906783658 
55.3677564, 10.431676, 66.21095570926786 
55.367756, 10.4316785, 66.24395196623311 
55.367756, 10.4316812, 66.27694738622694 
55.3677559, 10.4316832, 66.28094411805311 
55.3677556, 10.4316859, 66.27593991131822 
55.3677554, 10.4316883, 66.28393608904267 
55.3677553, 10.4316909, 66.30593180307469 
55.3677552, 10.4316933, 66.34692785636348 
55.3677553, 10.4316954, 66.35492416968674 
55.3677553, 10.4316972, 66.33192111632721 
55.367755, 10.4316992, 66.32191809698456 
55.3677547, 10.4317013, 66.3249149080076 
55.3677545, 10.4317036, 66.34891125533704 
55.3677545, 10.4317058, 66.39990752343986 
55.3677544, 10.4317078, 66.41790425523025 
55.3677543, 10.4317095, 66.40990149591394 
55.3677542, 10.4317115, 66.4018982276989 
55.3677543, 10.4317135, 66.40589471062584 
55.3677542, 10.4317157, 66.41989110313989 
55.3677541, 10.4317176, 66.4408880045484 
55.3677539, 10.4317192, 66.42988553928042 
55.3677537, 10.4317209, 66.38788290437769 
55.3677534, 10.4317227, 66.3628802242676 
55.3677529, 10.4317248, 66.36387728411081 
55.3677522, 10.431727, 66.39387442317208 
55.3677517, 10.4317294, 66.45687097410766 
55.3677516, 10.4317317, 66.47286719696362 
55.3677514, 10.4317339, 66.45186371387686 
55.3677512, 10.4317362, 66.44486006115267 
55.367751, 10.4317385, 66.45285640842472 
55.3677509, 10.431741, 66.49085229199696 
55.3677509, 10.4317432, 66.53184856004053 
55.3677509, 10.4317456, 66.53184448881113 
55.3677507, 10.4317477, 66.50384117533713 
55.3677505, 10.43175, 66.50583752259013 
55.3677503, 10.4317524, 66.51883370020418 
55.3677499, 10.4317548, 66.54883012666947 
55.3677498, 10.4317571, 66.58582634948306 
55.3677495, 10.4317595, 66.59582265151265 
55.3677493, 10.4317621, 66.58981848983875 
55.3677493, 10.4317643, 66.59581475784846 
55.3677494, 10.4317667, 66.6068105621541 
55.3677492, 10.431769, 66.6288069093757 
55.3677493, 10.431771, 66.6548033922188 
55.3677491, 10.4317731, 66.6608000787066 
55.3677489, 10.4317753, 66.63979659555443 
55.3677487, 10.4317774, 66.62379328203579 
55.3677485, 10.4317796, 66.61878979887686 
55.3677484, 10.4317817, 66.64678636092353 
55.3677483, 10.431784, 66.68478258369204 
55.3677481, 10.4317862, 66.70177910052269 
55.3677479, 10.4317882, 66.69177595662542 
55.3677477, 10.4317907, 66.68777196453561 
55.3677477, 10.4317932, 66.69676772358447 
55.3677476, 10.4317956, 66.74076377669542 
55.3677474, 10.4317977, 66.79376046314623 
55.3677471, 10.4317995, 66.7997577829383 
55.3677468, 10.4318015, 66.77775476345053 
55.3677465, 10.4318034, 66.76075191359874 
55.3677462, 10.4318057, 66.75674838518829 
55.3677458, 10.4318077, 66.78574549011996 
55.3677455, 10.4318098, 66.83574230098105 
55.3677452, 10.4318119, 66.84573911183894 
55.367745, 10.4318139, 66.82973596790498 
55.3677447, 10.4318159, 66.82773294839645 
55.3677445, 10.4318179, 66.83572980445678 
55.3677441, 10.4318201, 66.8437265700907 
55.367744, 10.4318223, 66.84272296243645 
55.3677436, 10.4318244, 66.82771989770374 
55.3677431, 10.4318263, 66.8007172966768 
55.3677423, 10.4318285, 66.78871456000871 
55.3677417, 10.4318308, 66.78871140483986 
55.3677411, 10.4318329, 66.8037085889484 
55.3677407, 10.4318348, 66.8197058634805 
55.3677402, 10.4318367, 66.80570326243713 
55.3677398, 10.4318389, 66.77570002803985 
55.3677395, 10.4318413, 66.75969632992906 
55.3677393, 10.4318438, 66.76269233774529 
55.3677389, 10.4318463, 66.7816885944115 
55.3677387, 10.4318483, 66.78468545042858 
55.3677384, 10.4318506, 64.77668192194375 
55.3677381, 10.4318528, 64.69467856309737 
55.3677378, 10.4318549, 64.65067537388991 
55.3677376, 10.4318569, 64.61567222989473 
55.3677375, 10.4318592, 64.62566845254155 
55.3677375, 10.4318614, 64.63166472040008 
55.3677376, 10.4318637, 64.61866069418454 
55.3677378, 10.431866, 64.59165654353706 
55.367738, 10.4318685, 64.58165205359808 
55.3677383, 10.4318709, 64.59464760886925 
55.3677386, 10.4318733, 64.62364316413499 
55.3677388, 10.4318755, 64.63063918311181 
55.3677387, 10.4318776, 64.61063574501432 
55.3677385, 10.43188, 64.57863192240923 
55.3677381, 10.431882, 64.5696290272351 
55.3677379, 10.431884, 64.58862588320105 
55.3677377, 10.431886, 64.61462273916415 
55.3677377, 10.4318881, 64.62561917662232 
55.3677377, 10.4318903, 64.6186154444321 
55.367738, 10.4318927, 64.6096109996609 
55.3677379, 10.4318948, 64.61260756153712 
55.3677381, 10.4318972, 64.62560324118577 
55.3677379, 10.4318993, 64.62459992748416 
55.3677378, 10.4319012, 64.59559682864197 
55.3677372, 10.4319034, 64.56259384300503 
55.3677367, 10.4319057, 64.53359056328887 
55.367736, 10.431908, 64.53758753242634 
55.3677357, 10.4319103, 64.56458400384437 
55.3677354, 10.4319128, 64.57158013596522 
55.3677352, 10.4319155, 64.54757580435903 
55.367735, 10.431918, 64.5365718120418 
55.367735, 10.4319205, 64.53256757086231 
55.3677348, 10.4319229, 64.55356374818352 
55.3677347, 10.431925, 64.57756031001445 
55.3677346, 10.4319276, 64.56355602360324 
55.3677345, 10.4319297, 64.52355258542696 
55.3677342, 10.431932, 64.49254905680957 
55.3677339, 10.4319341, 64.48154586748495 
55.3677335, 10.4319362, 64.49654280258625 
55.3677334, 10.4319382, 64.51353953404573 
55.367733, 10.4319408, 64.51853562089725 
55.3677328, 10.4319433, 64.49753162853477 
55.3677324, 10.4319457, 64.48052805467498 
55.3677321, 10.4319483, 64.48252401708355 
55.3677317, 10.4319506, 64.50652061286452 
55.3677315, 10.4319527, 64.52151729908297 
55.3677312, 10.4319547, 64.50151427937693 
55.3677308, 10.4319568, 64.45751121444704 
55.3677303, 10.431959, 64.43050810429253 
55.36773, 10.4319611, 64.4235049149272 
55.3677294, 10.4319634, 64.44750175954384 
55.3677291, 10.431966, 64.48649772191948 
55.3677286, 10.4319684, 64.47749427244851 
55.3677282, 10.4319708, 64.43749069854485 
55.3677278, 10.4319732, 64.41648712463702 
55.3677276, 10.4319755, 64.41948347151956 
55.3677272, 10.4319778, 64.44448006725489 
55.3677269, 10.4319801, 64.45847653855817 
55.3677264, 10.4319823, 64.43347342836557 
55.367726, 10.4319846, 64.39347002408944 
55.3677254, 10.4319869, 64.37446686866531 
55.3677251, 10.4319892, 64.38346333995347 
55.3677247, 10.4319914, 64.41046010531791 
55.3677244, 10.4319936, 64.419456746251 
55.3677241, 10.4319961, 64.39845287822308 
55.3677239, 10.4319986, 64.3714488857629 
55.3677237, 10.4320012, 64.35644472364538 
55.3677237, 10.4320035, 64.36544082162652 
55.3677235, 10.4320057, 64.38743733811286 
55.3677235, 10.4320077, 64.38543394504651 
55.3677232, 10.4320097, 64.34943092526126 
55.3677228, 10.4320117, 64.3074280299011 
55.3677225, 10.4320139, 64.28642467080248 
55.3677221, 10.4320162, 64.30042126647422 
55.3677218, 10.4320183, 64.32841807702259 
55.3677215, 10.4320204, 64.3404148875678 
55.3677212, 10.4320227, 64.318411358801 
55.367721, 10.4320251, 64.2784075359481 
55.3677208, 10.4320273, 64.25040405240061 
55.3677208, 10.4320298, 64.23739981102918 
55.3677206, 10.4320317, 64.24939683643956 
55.3677204, 10.4320337, 64.2643936921921 
55.3677199, 10.4320357, 64.23739092122537 
55.3677195, 10.4320378, 64.18838785617228 
55.3677189, 10.43204, 64.16138487031539 
55.3677184, 10.4320422, 64.15738176002708 
55.3677181, 10.4320444, 64.18437840088033 
55.367718, 10.4320465, 64.20437496253138 
55.3677177, 10.4320489, 64.1813712640654 
55.3677175, 10.4320512, 64.14236761082432 
55.3677171, 10.4320535, 64.13236420643427 
55.3677167, 10.4320558, 64.14936080204039 
55.3677165, 10.432058, 64.17735731844499 
55.3677162, 10.4320601, 64.18235412893046 
55.3677159, 10.4320625, 64.15135043044117 
55.3677155, 10.4320647, 64.11634719568971 
55.367715, 10.4320668, 64.11434425501939 
55.3677144, 10.4320689, 64.14934143877251 
55.3677139, 10.4320711, 64.18733832843733 
55.3677136, 10.4320734, 64.19933479958695 
55.3677132, 10.4320757, 64.18733139515959 
55.3677127, 10.4320781, 64.1703279454967 
55.3677123, 10.4320805, 64.17632437140293 
55.367712, 10.4320831, 64.19932033356125 
55.3677115, 10.4320854, 64.21931705354407 
55.3677112, 10.4320876, 64.218313694329 
55.3677106, 10.4320898, 64.19431070838942 
55.3677101, 10.4320921, 64.1663074283605 
55.3677096, 10.4320942, 64.16730448764626 
55.3677091, 10.4320964, 64.18830137726903 
55.3677086, 10.4320986, 64.22429826688807 
55.3677082, 10.4321009, 64.23829486241787 
55.3677079, 10.4321034, 64.22129099419824 
55.3677077, 10.4321056, 64.2062875105288 
55.3677076, 10.4321076, 64.20728424175076 
55.3677077, 10.4321096, 64.22428072411802 
55.3677077, 10.4321114, 64.24227767022916 
55.3677076, 10.4321133, 64.23227457110322 
55.3677073, 10.4321154, 64.20027138150505 
55.3677071, 10.4321176, 64.17026789781673 
55.3677068, 10.4321197, 64.16426470821213 
55.3677066, 10.4321219, 64.1992612245171 
55.3677064, 10.4321242, 64.22525757115713 
55.3677062, 10.4321265, 64.22325391779336 
55.367706, 10.4321288, 64.19225026442584 
55.3677059, 10.4321314, 64.15524597764245 
55.3677055, 10.4321336, 64.15924274278132 
55.3677052, 10.4321355, 64.19423989247738 
55.3677049, 10.4321375, 64.22223687250846 
55.3677046, 10.4321392, 64.2022343615243 
55.3677043, 10.432141, 64.16123168087536 
55.367704, 10.4321426, 64.13822933954962 
55.3677036, 10.4321448, 64.1452261046704 
55.3677034, 10.4321468, 64.17222296026229 
55.367703, 10.4321493, 64.18721921638675 
55.3677028, 10.4321517, 64.17121539331868 
55.3677023, 10.4321538, 64.14721245251422 
55.3677019, 10.4321557, 64.13520972660817 
55.3677014, 10.4321578, 64.13220678579721 
55.3677011, 10.43216, 64.15320342646814 
55.3677006, 10.432162, 64.16920065531446 
55.3677, 10.4321639, 64.13819817824687 
55.3676994, 10.4321658, 64.09819570117602 
55.3676989, 10.4321679, 64.0741927603483 
55.3676985, 10.43217, 64.07618969509238 
55.3676982, 10.4321721, 64.10718650540854 
55.3676981, 10.4321742, 64.11918306687208 
55.367698, 10.4321765, 64.0911792890023 
55.3676977, 10.4321786, 64.0651760993088 
55.3676974, 10.4321808, 64.05017273994679 
55.367697, 10.4321828, 64.04916984433702 
55.3676968, 10.432185, 64.06716636054364 
55.3676964, 10.4321873, 64.06716295593037 
55.367696, 10.4321892, 64.02716022997706 
55.3676953, 10.4321909, 63.98315821662625 
55.3676947, 10.4321926, 63.96015607884812 
55.3676941, 10.4321946, 63.96815343206839 
55.3676937, 10.4321968, 64.0041501971047 
55.3676933, 10.4321989, 64.01214713180404 
55.3676929, 10.432201, 63.99314406650006 
55.3676924, 10.4322026, 63.97114197395051 
55.367692, 10.4322042, 63.95913975697523 
55.3676915, 10.4322061, 63.978137155420235 
55.3676913, 10.4322081, 64.01213401092524 
55.367691, 10.43221, 64.00113116051809 
55.3676906, 10.4322119, 63.95712843453153 
55.3676901, 10.4322135, 63.92612634196797 
55.3676896, 10.4322153, 63.92112391006688 
55.367689, 10.432217, 63.93112177225359 
55.3676887, 10.432219, 63.96311875216596 
55.3676884, 10.4322206, 63.958116410747394 
55.367688, 10.4322225, 63.9221136847453 
55.3676877, 10.4322242, 63.897111173654366 
55.3676875, 10.4322259, 63.893108538138804 
55.3676873, 10.4322274, 63.898106241958054 
55.3676872, 10.4322289, 63.914103821353194 
55.3676868, 10.4322303, 63.90210194368288 
55.3676863, 10.4322319, 63.860099851095754 
55.3676859, 10.4322332, 63.840098143090685 
55.3676856, 10.4322346, 63.83509614099305 
55.3676852, 10.432236, 63.834094263316004 
55.367685, 10.4322376, 63.8520917974552 
55.3676846, 10.432239, 63.837089919774854 
55.3676843, 10.4322404, 63.80508791767105 
55.3676839, 10.4322421, 63.77708553097929 
55.3676837, 10.4322439, 63.7620827257724 
55.3676834, 10.4322456, 63.75308021465463 
55.3676831, 10.4322472, 63.746077873204406 
55.3676827, 10.432249, 63.70407531683413 
55.3676823, 10.4322508, 63.64507276046141 
55.3676818, 10.4322526, 63.60507032850751 
55.3676813, 10.4322546, 63.594067557210415 
55.3676809, 10.4322563, 63.60106517050012 
55.3676806, 10.4322582, 63.616062320025634 
55.3676804, 10.4322598, 63.58305985413928 
55.3676801, 10.4322613, 63.54105768234281 
55.3676797, 10.4322632, 63.51405495628237 
55.3676794, 10.432265, 63.50405227546929 
55.3676791, 10.432267, 63.50104925531177 
55.3676789, 10.4322688, 63.491046450072986 
55.3676786, 10.4322708, 63.461043429910006 
55.3676782, 10.4322728, 63.42804053416485 
55.3676777, 10.4322747, 63.41603793250887 
55.3676773, 10.4322766, 63.42603520642953 
55.3676771, 10.4322784, 63.45003240117845 
55.3676771, 10.4322802, 63.470029347084036 
55.3676767, 10.4322824, 63.46202611198092 
55.3676763, 10.4322846, 63.44302287687421 
55.3676756, 10.4322868, 63.43002001502473 
55.3676751, 10.4322889, 63.434017074003336 
55.3676744, 10.432291, 63.44801438181833 
55.3676739, 10.4322929, 63.46301178013538 
55.367673, 10.4322949, 63.43800950645468 
55.3676722, 10.4322968, 63.40200727802292 
55.3676715, 10.4322987, 63.37800492516811 
55.367671, 10.4323006, 63.39200232347206 
55.3676706, 10.4323026, 63.42399942768101 
55.3676703, 10.4323045, 63.43599657714177 
55.3676703, 10.4323067, 63.40299284432277 
55.3676701, 10.4323089, 63.36898936033778 
55.36767, 10.4323111, 63.35398575193054 
55.36767, 10.4323133, 63.371982019100784 
55.3676702, 10.4323157, 63.388977698080346 
55.3676703, 10.4323179, 63.38797384082336 
55.3676702, 10.4323204, 63.35696972337722 
55.3676701, 10.4323229, 63.322965605926505 
55.3676699, 10.4323252, 63.31496195224092 
55.3676697, 10.4323276, 63.33695812887632 
55.3676696, 10.4323299, 63.38195435076345 
55.3676695, 10.4323323, 63.40795040297115 
55.3676695, 10.4323347, 63.39894633075487 
55.3676696, 10.4323371, 63.38894213411431 
55.3676696, 10.4323393, 63.418938401241405 
55.3676695, 10.4323414, 63.47593496246127 
55.3676698, 10.4323432, 63.53293153502628 
55.36767, 10.4323448, 63.57292857136151 
55.3676702, 10.4323463, 63.590925777371076 
55.3676703, 10.4323479, 63.594922938122394 
55.3676703, 10.4323496, 63.6179200536155 
55.3676701, 10.4323515, 63.67291707859401 
55.36767, 10.4323535, 63.742913809471894 
55.36767, 10.4323553, 63.78091075528063 
55.3676703, 10.4323574, 63.78090681879097 
55.3676706, 10.4323596, 63.77990271261923 
55.3676707, 10.4323623, 63.803898006896546 
55.3676709, 10.4323646, 63.856893855458694 
55.3676711, 10.4323667, 63.896890043372764 
55.3676712, 10.4323685, 63.89588686474039 
55.3676712, 10.4323704, 63.87988364084901 
55.3676712, 10.4323725, 63.87188007759744 
55.367671, 10.4323749, 63.89587625415058 
55.3676707, 10.4323774, 63.94787238544291 
55.3676706, 10.4323799, 63.979868267886076 
55.3676706, 10.4323823, 63.973864195581626 
55.3676706, 10.4323848, 63.956859953593145 
55.3676707, 10.4323876, 63.94085507813763 
55.3676707, 10.43239, 63.964851005819 
55.3676706, 10.4323919, 64.01484790631997 
55.3676707, 10.4323938, 64.03984455797226 
55.3676707, 10.432396, 64.02784082500332 
55.3676706, 10.4323981, 64.0228373861346 
55.3676704, 10.4324003, 64.01583390200523 
55.3676702, 10.4324026, 64.0378302481914 
55.36767, 10.4324049, 64.09882659437383 
55.3676698, 10.4324072, 64.10482294055248 
55.3676696, 10.4324092, 64.06981979577176 
55.3676693, 10.4324114, 64.04081643604833 
55.3676689, 10.4324137, 64.02381303106297 
55.3676684, 10.4324161, 64.04180958081504 
55.3676681, 10.4324181, 64.0788065604448 
55.3676676, 10.4324201, 64.04280378891777 
55.3676672, 10.4324221, 63.970800892964675 
55.3676669, 10.432424, 63.93979804226818 
55.3676664, 10.4324257, 63.939795779779715 
55.3676659, 10.4324276, 63.96879317792345 
55.3676655, 10.4324296, 64.01379028195896 
55.3676649, 10.4324317, 64.00778746515334 
55.3676643, 10.4324338, 63.98378464834398 
55.3676639, 10.432436, 63.96878141300356 
55.3676635, 10.4324381, 63.982778347342915 
55.3676631, 10.4324401, 64.02877545136253 
55.3676628, 10.4324418, 64.0637729400081 
55.3676624, 10.4324436, 64.04577038338962 
55.3676619, 10.4324454, 64.00676795119035 
55.3676613, 10.4324471, 63.98876581309388 
55.3676607, 10.4324486, 64.02376401436258 
55.3676604, 10.4324505, 64.07376116362886 
55.3676602, 10.4324521, 64.09875869752409 
55.3676597, 10.4324538, 64.07475643499663 
55.3676591, 10.4324555, 64.04375429688764 
55.3676586, 10.4324572, 64.04775203435507 
55.3676581, 10.4324587, 64.08475011118932 
55.3676577, 10.4324602, 64.13074806360099 
55.3676574, 10.4324614, 64.1377464006449 
55.3676569, 10.4324626, 64.11074498652832 
55.3676563, 10.4324637, 64.08774386651521 
55.3676558, 10.4324647, 64.09674279176531 
55.3676552, 10.4324657, 64.1467418414338 
55.3676548, 10.4324671, 64.19773996352089 
55.3676543, 10.4324682, 64.20673871908147 
55.3676539, 10.4324692, 64.1857375199065 
55.3676533, 10.4324703, 64.1707363998834 
55.3676528, 10.4324713, 64.18373532512489 
55.3676525, 10.4324724, 64.23973383184202 
55.3676524, 10.4324733, 64.2717324290916 
55.3676522, 10.4324738, 64.24373182950158 
55.3676521, 10.4324743, 64.20673110549257 
55.3676518, 10.4324749, 64.18773046063515 
55.3676519, 10.4324746, 64.21273084527326 
55.3676518, 10.4324742, 64.27373164843415 
55.367652, 10.4324741, 64.1617315692824 
55.3676521, 10.432474, 64.19873161454925 
55.3676522, 10.4324742, 64.21373115075939 
55.3676521, 10.4324746, 64.21073059643584 
55.3676522, 10.432475, 64.22672979327466 
55.3676523, 10.4324753, 64.25172915979888 
55.3676524, 10.4324755, 64.23372869600865 
55.3676523, 10.4324754, 64.18972899011321 
55.3676523, 10.4324753, 64.15672915979889 
55.3676522, 10.4324751, 64.160729623589 
55.3676522, 10.432475, 64.20872979327466 
55.3676522, 10.4324751, 64.25372962358901 
55.3676523, 10.4324754, 64.25372899011322 
55.3676522, 10.4324758, 64.22472843578942 
55.3676522, 10.4324765, 64.19872724798944 
55.367652, 10.4324771, 64.2067264787126 
55.367652, 10.4324776, 64.26672563028364 
55.367652, 10.4324782, 64.29272461216864 
55.367652, 10.4324788, 64.25772359405335 
55.3676518, 10.4324794, 64.20372282477558 
55.3676517, 10.4324798, 64.1737222704506 
55.3676513, 10.4324801, 64.19072225906767 
55.367651, 10.4324805, 64.23072195357955 
55.3676507, 10.4324812, 64.24872113903305 
55.3676505, 10.4324818, 64.22672036975361 
55.3676502, 10.4324824, 64.19771972489218 
55.3676501, 10.4324829, 64.18071900087989 
55.36765, 10.4324835, 64.20171810718129 
55.36765, 10.4324843, 64.23771674969173 
55.3676499, 10.4324848, 64.22871602567875 
55.3676499, 10.4324852, 64.18871534693369 
55.3676496, 10.4324855, 64.15171521112947 
55.3676492, 10.4324857, 64.13671536942921 
55.3676487, 10.4324862, 64.17971514308721 
55.3676482, 10.4324866, 64.2297150864305 
55.3676477, 10.4324872, 64.23471469040007 
55.3676472, 10.4324877, 64.19771446405491 
55.3676466, 10.4324881, 64.15571453181211 
55.3676461, 10.4324884, 64.15471464483737 
55.3676456, 10.4324888, 64.20671458817529 
55.367645, 10.4324888, 64.23971533467389 
55.3676445, 10.4324887, 64.20771612644116 
55.3676439, 10.4324888, 64.1617167032506 
55.3676432, 10.432489, 64.13971723478775 
55.3676424, 10.4324887, 64.15171873916916 
55.3676416, 10.4324885, 64.19372007386136 
55.3676408, 10.4324884, 64.21372123886444 
55.36764, 10.4324882, 64.19372257355067 
55.3676392, 10.4324881, 64.1657237385479 
55.3676383, 10.4324881, 64.14672485826966 
55.3676378, 10.4324878, 64.15272598939356 
55.3676374, 10.4324877, 64.18072665673145 
55.3676367, 10.4324875, 64.17772786699247 
55.3676358, 10.4324872, 64.13472949576146 
55.367635, 10.4324867, 64.09273133948619 
55.3676342, 10.4324862, 64.07873318320748 
55.3676337, 10.4324844, 64.10673685960374 
55.367633, 10.432483, 64.14474010607589 
55.3676324, 10.4324817, 64.1347430584479 
55.3676317, 10.4324806, 64.10074579585624 
55.3676311, 10.4324796, 64.07574823916605 
55.3676306, 10.432479, 64.07174987932389 
55.3676304, 10.4324778, 64.08675216436109 
55.3676302, 10.432477, 64.10575377065788 
55.3676298, 10.4324759, 64.07375613482594 
55.3676293, 10.4324747, 64.01975879308529 
55.3676289, 10.4324735, 63.97876132693338 
55.3676283, 10.4324724, 63.972763939911374 
55.3676278, 10.4324709, 63.988767107215054 
55.3676272, 10.4324694, 64.01677039892283 
55.3676269, 10.4324684, 63.995772468985 
55.3676264, 10.4324674, 63.95777478786003 
55.367626, 10.4324668, 63.936776303590904 
55.3676255, 10.4324663, 63.93577777404358 
55.367625, 10.4324657, 63.95577941417835 
55.3676246, 10.4324652, 63.9777807602217 
55.3676243, 10.4324646, 63.953782151541425 
55.3676238, 10.4324637, 63.905784300722374 
55.3676233, 10.432463, 63.87578611053446 
55.3676226, 10.4324622, 63.882788338838544 
55.3676221, 10.4324612, 63.91179065769596 
55.3676217, 10.4324603, 63.93479268246328 
55.3676212, 10.4324595, 63.91279466195044 
55.3676205, 10.4324586, 63.88279705992688 
55.3676199, 10.4324578, 63.865799163813364 
55.3676192, 10.4324572, 63.87580105273547 
55.3676187, 10.4324567, 63.89780252316566 
55.3676182, 10.432456, 63.9078043329595 
55.3676177, 10.4324553, 63.885806142751555 
55.367617, 10.4324545, 63.85980837102906 
55.3676163, 10.4324536, 63.85381076898574 
55.3676155, 10.4324525, 63.87181363070508 
55.3676147, 10.432452, 63.89481547432738 
55.367614, 10.4324516, 63.91181702386335 
55.367613, 10.4324516, 63.893818267870515 
55.3676119, 10.4324516, 63.86581963627327 
55.367611, 10.4324514, 63.85482109523542 
55.3676101, 10.4324508, 63.87282323292101 
55.3676096, 10.4324503, 63.891824703325135 
55.367609, 10.4324495, 63.9068268071714 
55.3676088, 10.4324483, 63.88182909214764 
55.3676084, 10.432447, 63.85883179560043 
55.3676081, 10.4324461, 63.84183369592742 
55.3676076, 10.4324452, 63.84383584504885 
55.3676071, 10.4324446, 63.85283748512462 
55.3676064, 10.4324441, 63.86383920431224 
55.3676058, 10.4324435, 63.843840968781244 
55.3676049, 10.4324424, 63.80684395484252 
55.3676046, 10.4324418, 63.79084534611705 
55.3676041, 10.4324412, 63.81284698618305 
55.3676038, 10.4324407, 63.848848207774864 
55.3676036, 10.4324399, 63.85884981401217 
55.3676032, 10.4324393, 63.83385132967878 
55.3676026, 10.4324384, 63.80485360317645 
55.367602, 10.4324377, 63.78885553731058 
55.3676014, 10.4324369, 63.80985764112269 
55.3676008, 10.4324365, 63.85285906621127 
55.3676002, 10.4324361, 63.864860491297925 
55.3675994, 10.4324352, 63.8468630135709 
55.3675985, 10.4324341, 63.83886599959304 
55.3675977, 10.432433, 63.85386886121691 
55.3675968, 10.4324317, 63.887872186588126 
55.367596, 10.4324309, 63.92087453916341 
55.3675952, 10.43243, 63.9378770614143 
55.3675944, 10.4324295, 63.92287890494343 
55.3675935, 10.4324287, 63.89588138189805 
55.3675927, 10.432428, 63.890883564778306 
55.3675919, 10.4324272, 63.902885917333975 
55.3675913, 10.4324265, 63.94388785142726 
55.3675908, 10.432426, 63.977889321770654 
55.3675901, 10.4324258, 63.962890531854235 
55.3675894, 10.4324254, 63.93589208129328 
55.3675886, 10.4324253, 63.92489324608189 
55.3675876, 10.4324251, 63.926894829322634 
55.3675868, 10.432425, 63.954895994104675 
55.3675861, 10.4324245, 63.9628977132111 
55.3675852, 10.4324242, 63.925899341731764 
55.3675841, 10.4324236, 63.882901728057114 
55.3675831, 10.4324235, 63.863903141598186 
55.367582, 10.4324233, 63.881904849198676 
55.367581, 10.4324236, 63.90890558401691 
55.36758, 10.4324237, 63.910906658187585 
55.367579, 10.4324243, 63.87790688396251 
55.3675778, 10.4324245, 63.8439080372141 
55.3675766, 10.4324251, 63.829908511746595 
55.3675754, 10.4324252, 63.84890983466434 
55.3675744, 10.4324257, 63.861910230098566 
55.3675734, 10.4324257, 63.841911473919566 
55.3675723, 10.4324259, 63.79791250276138 
55.3675713, 10.4324257, 63.76891408592935 
55.3675705, 10.4324257, 63.77091508097561 
55.3675697, 10.4324256, 63.805916245697034 
55.3675687, 10.4324259, 63.81991698046354 
55.3675677, 10.432426, 63.79691805458167 
55.3675666, 10.4324262, 63.750919083396596 
55.3675654, 10.4324262, 63.722920575940435 
55.3675644, 10.4324266, 63.72392114101103 
55.3675634, 10.4324271, 63.75092153639967 
55.3675622, 10.4324283, 63.76492099279389 
55.3675611, 10.432429, 63.72792117319455 
55.3675599, 10.43243, 63.678920968932985 
55.3675587, 10.4324307, 63.65992127369903 
55.3675575, 10.4324316, 63.66892123910344 
55.3675562, 10.4324323, 63.70192166823229 
55.3675551, 10.4324334, 63.721921169894536 
55.3675539, 10.4324343, 63.70892113528119 
55.3675526, 10.4324353, 63.68992105535726 
55.3675511, 10.4324362, 63.678921393849535 
55.3675498, 10.4324373, 63.691921144232744 
55.3675484, 10.4324383, 63.72292118865843 
55.3675472, 10.4324398, 63.742920135944296 
55.3675459, 10.4324409, 63.72591988630644 
55.3675445, 10.432442, 63.70191976103159 
55.3675431, 10.4324428, 63.690920144782794 
55.3675416, 10.4324436, 63.70592065289472 
55.3675401, 10.4324443, 63.74492133067535 
55.3675389, 10.4324456, 63.76692061727601 
55.3675373, 10.4324468, 63.746920571017 
55.3675357, 10.4324484, 63.728919846035154 
55.3675341, 10.4324497, 63.72491963007695 
55.3675327, 10.4324514, 63.741918486665185 
55.3675314, 10.432453, 63.76691738855842 
55.3675302, 10.4324545, 63.7619163357583 
55.367529, 10.4324557, 63.72491579198685 
55.3675278, 10.4324571, 63.68791490885263 
55.3675265, 10.4324582, 63.675914659110276 
55.3675253, 10.4324592, 63.70491445467701 
55.3675242, 10.4324602, 63.73991412587595 
55.3675229, 10.4324615, 63.73791353675726 
55.3675218, 10.4324625, 63.70391320794514 
55.3675205, 10.4324636, 63.68391295817047 
55.3675192, 10.4324646, 63.66991287806732 
55.3675181, 10.4324653, 63.68091305827403 
55.367517, 10.4324659, 63.696913408154316 
55.3675159, 10.4324668, 63.70191324899402 
55.3675147, 10.4324673, 63.68491389290104 
55.3675132, 10.432468, 63.65791457051753 
55.3675118, 10.4324684, 63.64191563280345 
55.3675105, 10.4324692, 63.64991589201104 
55.367509, 10.4324702, 63.65791606056615 
55.3675075, 10.4324709, 63.64891673814752 
55.367506, 10.4324712, 63.62791809443337 
55.3675045, 10.4324717, 63.618919111352895 
55.3675031, 10.4324724, 63.63691966455316 
55.367502, 10.4324732, 63.66091967500894 
55.3675011, 10.4324738, 63.655919776111816 
55.3675002, 10.4324743, 63.63392004688973 
55.367499, 10.4324748, 63.608920690719124 
55.3674979, 10.4324754, 63.636921040513116 
55.3674966, 10.432476, 63.67892163900335 
55.3674955, 10.4324768, 63.68292164942982 
55.367494, 10.4324778, 63.653921817892794 
55.3674926, 10.4324791, 63.63192135296255 
55.3674912, 10.4324803, 63.63392105770254 
55.36749, 10.4324814, 63.65292068341719 
55.3674888, 10.4324825, 63.67992030912584 
55.3674877, 10.4324834, 63.68092014983853 
55.3674866, 10.432484, 63.64092049958171 
55.3674856, 10.4324843, 63.610921234009226 
55.3674845, 10.4324842, 63.609922771491824 
55.3674837, 10.432484, 63.63492410561187 
55.367483, 10.432484, 63.676924976027436 
55.3674822, 10.4324846, 63.70292495271566 
55.3674812, 10.4324851, 63.69192534776801 
55.3674801, 10.4324862, 63.66992484909011 
55.3674789, 10.4324872, 63.665924644428785 
55.3674779, 10.4324884, 63.68592385171906 
55.367477, 10.4324895, 63.71492310434088 
55.3674759, 10.4324908, 63.706922266286504 
55.3674748, 10.4324918, 63.671921937262496 
55.3674736, 10.4324928, 63.64492173257464 
55.3674724, 10.4324935, 63.643922036916464 
55.3674712, 10.4324943, 63.65992217157388 
55.3674698, 10.4324953, 63.67792221554767 
55.3674685, 10.4324964, 63.66192196549575 
55.3674671, 10.4324973, 63.61992217913259 
55.3674658, 10.432498, 63.594922607780504 
55.3674645, 10.4324985, 63.59592337577858 
55.3674635, 10.4324991, 63.619923601080146 
55.3674627, 10.4324997, 63.645923577704195 
55.3674617, 10.4325002, 63.62892397267689 
55.3674607, 10.4325004, 63.59492487668099 
55.36746, 10.4325003, 63.580925916709674 
55.3674591, 10.4325001, 63.58492737508502 
55.3674584, 10.4324999, 63.60292858478696 
55.3674576, 10.4325, 63.63692940978616 
55.3674567, 10.4325001, 63.63593035911679 
55.3674557, 10.4325, 63.60193177213411 
55.3674547, 10.4325001, 63.57693284579058 
55.3674537, 10.4325002, 63.57793391944274 
55.3674528, 10.4325004, 63.596934699080045 
55.3674521, 10.4325007, 63.61793506037167 
55.3674512, 10.4325009, 63.59793584000295 
55.3674503, 10.4325009, 63.549936958986905 
55.3674491, 10.4325009, 63.51493845095999 
55.3674479, 10.4325009, 63.51393994292676 
55.3674467, 10.4325012, 63.53594092585355 
55.3674455, 10.4325018, 63.56294139974062 
55.367444, 10.4325027, 63.547941737574334 
55.3674427, 10.4325033, 63.504942335776285 
55.3674412, 10.4325043, 63.476942503914884 
55.3674399, 10.432505, 63.47494293242402 
55.3674385, 10.432506, 63.49094297621903 
55.3674374, 10.4325069, 63.51594281670617 
55.3674359, 10.432508, 63.505942815134276 
55.3674345, 10.4325086, 63.46694353761788 
55.367433, 10.4325096, 63.44494370570603 
55.3674316, 10.4325102, 63.45494442817295 
55.3674298, 10.4325115, 63.47594446017838 
55.3674282, 10.4325125, 63.49594475255987 
55.3674264, 10.4325138, 63.48394478454018 
55.3674248, 10.4325147, 63.45394524657727 
55.367423, 10.4325161, 63.44494510885453 
55.3674214, 10.4325172, 63.46194523151351 
55.36742, 10.4325185, 63.49694476616847 
55.3674188, 10.4325195, 63.52194456121242 
55.3674172, 10.4325209, 63.501944174809786 
55.3674156, 10.432522, 63.46894429743062 
55.3674141, 10.4325229, 63.466944635080466 
55.3674125, 10.4325237, 63.49994526671496 
55.367411, 10.4325248, 63.53994526498977 
55.3674096, 10.4325258, 63.56694530861868 
55.3674079, 10.4325272, 63.563945046469506 
55.3674062, 10.4325282, 63.548945463020615 
55.3674044, 10.4325297, 63.55394515548217 
55.3674028, 10.432531, 63.58394493866278 
55.3674014, 10.4325326, 63.61494396417584 
55.3674, 10.4325338, 63.62194366839316 
55.3673985, 10.4325352, 63.60494315755622 
55.367397, 10.4325361, 63.59094349510094 
55.3673959, 10.4325369, 63.60694350507843 
55.3673949, 10.4325374, 63.64694389977683 
55.3673938, 10.4325383, 63.6949437400666 
55.3673926, 10.4325393, 63.715943534981 
55.3673911, 10.4325405, 63.702943363454736 
55.3673896, 10.4325416, 63.68994336159746 
55.3673881, 10.4325432, 63.69294251133948 
55.3673866, 10.4325444, 63.73694233978531 
55.3673853, 10.4325458, 63.7869415802554 
55.367384, 10.4325469, 63.791941329753556 
55.3673825, 10.4325483, 63.772940818817055 
55.3673812, 10.4325492, 63.76394090765704 
55.3673802, 10.4325499, 63.78594096293857 
55.3673791, 10.4325504, 63.8399414818753 
55.367378, 10.4325512, 63.89494149177177 
55.367377, 10.4325519, 63.91794154704017 
55.3673758, 10.4325528, 63.91394151154972 
55.3673748, 10.4325534, 63.91394173648757 
55.3673737, 10.4325544, 63.932941407007625 
55.3673728, 10.4325552, 63.97994116828005 
55.367372, 10.4325563, 64.01094029621393 
55.3673712, 10.432557, 64.00894010285924 
55.36737, 10.4325579, 63.991940067340124 
55.3673689, 10.4325583, 63.98894075590964 
55.3673679, 10.4325591, 64.00194064146208 
55.3673668, 10.4325595, 64.04494133002214 
55.3673653, 10.4325605, 64.09094149769345 
55.367364, 10.4325612, 64.10894192579872 
55.3673625, 10.4325625, 64.10094158441719 
55.367361, 10.4325635, 64.10394175206201 
55.3673598, 10.4325647, 64.14094120745688 
55.3673587, 10.4325657, 64.19994087790883 
55.3673575, 10.4325672, 64.23593982425606 
55.3673564, 10.4325683, 64.23493932501862 
55.3673551, 10.4325692, 64.23193941371916 
55.3673539, 10.4325698, 64.24393988715677 
55.3673528, 10.4325694, 64.28294193308344 
55.3673517, 10.4325687, 64.35294448803987 
55.3673505, 10.4325686, 64.40794614920989 
55.3673494, 10.4325685, 64.4169476860833 
55.3673481, 10.4325687, 64.40094896249553 
55.3673466, 10.4325689, 64.4039504874787 
55.3673456, 10.4325688, 64.43295190004466 
55.3673447, 10.4325685, 64.47895352767443 
55.3673437, 10.4325685, 64.49195477055363 
55.3673426, 10.4325683, 64.46995647707185 
55.3673415, 10.4325682, 64.4509580139065 
55.3673403, 10.4325679, 64.45096001437778 
55.3673392, 10.4325672, 64.48296256926805 
55.3673383, 10.4325666, 64.54096470590376 
55.3673371, 10.4325666, 64.56496619732344 
55.3673361, 10.4325664, 64.5499677795236 
55.3673349, 10.4325666, 64.52096893157639 
55.3673336, 10.4325667, 64.5079703775838 
55.3673324, 10.4325666, 64.5219720386562 
55.3673315, 10.4325665, 64.55197332687564 
55.3673303, 10.432567, 64.5619739698725 
55.3673293, 10.4325671, 64.53697504301034 
55.3673281, 10.4325675, 64.51197585567361 
55.3673269, 10.4325676, 64.50497717736269 
55.3673257, 10.4325676, 64.52197866872277 
55.3673246, 10.4325673, 64.56598054482878 
55.3673234, 10.4325677, 64.59998135746815 
55.3673222, 10.4325679, 64.6009825094557 
55.3673208, 10.4325685, 64.58398323128428 
55.3673196, 10.4325686, 64.58298455293568 
55.3673183, 10.4325692, 64.6099851504726 
55.3673172, 10.4325697, 64.64598566912738 
55.3673159, 10.4325706, 64.66598575762053 
55.3673146, 10.4325712, 64.65598635513767 
55.3673129, 10.4325723, 64.6369866013607 
55.3673113, 10.4325728, 64.62698774135993 
55.3673096, 10.4325738, 64.65098815723687 
55.3673081, 10.4325744, 64.70398900326506 
55.3673064, 10.4325756, 64.73098907976589 
55.3673049, 10.4325764, 64.72098958642054 
55.3673033, 10.4325777, 64.69598936895177 
55.3673016, 10.4325789, 64.68798944541908 
55.3672999, 10.4325804, 64.72198901284366 
55.3672986, 10.4325815, 64.7759887618906 
55.3672972, 10.4325828, 64.79698829584443 
55.3672959, 10.4325836, 64.78098855390793 
55.3672944, 10.4325847, 64.76798855146707 
55.3672929, 10.4325855, 64.77698905804803 
55.3672915, 10.4325863, 64.83198944035416 
55.3672902, 10.4325869, 64.89699003774129 
55.3672888, 10.4325877, 64.92299042003192 
55.3672874, 10.4325883, 64.91799114166848 
55.3672858, 10.4325894, 64.91299126343864 
55.3672843, 10.43259, 64.91499210932056 
55.367283, 10.4325909, 64.94999219763827 
55.3672817, 10.4325917, 64.99399245562604 
55.3672804, 10.4325926, 64.98699254392992 
55.3672791, 10.4325931, 64.95099331093465 
55.3672779, 10.4325937, 64.94199378399554 
55.3672768, 10.4325939, 64.9559948114987 
55.3672756, 10.4325942, 64.9939957935788 
55.3672745, 10.4325944, 65.04299682107121 
55.3672733, 10.4325946, 65.0499979728165 
55.3672721, 10.4325944, 65.02199980326256 
55.367271, 10.4325946, 65.01400083073847 
55.3672698, 10.4325947, 65.01500215214233 
55.3672687, 10.432595, 65.03100300993084 
55.3672679, 10.4325951, 65.05700383430067 
55.367267, 10.4325952, 65.04700478292305 
55.3672661, 10.4325949, 65.01500641024788 
55.367265, 10.4325949, 64.99100777704834 
55.3672638, 10.4325946, 64.98400977712637 
55.3672624, 10.4325942, 65.00901219538036 
55.3672612, 10.4325938, 65.0420143651199 
55.3672598, 10.4325933, 65.03201695303264 
55.3672586, 10.4325927, 65.00301946210911 
55.3672574, 10.4325924, 64.97702146215069 
55.3672564, 10.432592, 64.96202338336056 
55.3672552, 10.4325916, 64.97202555306538 
55.3672543, 10.4325911, 64.98702751969074 
55.3672532, 10.4325904, 64.94903007416093 
55.3672523, 10.4325895, 64.8880327194786 
55.3672512, 10.4325887, 64.84603544361208 
55.3672502, 10.4325878, 64.82803821316658 
55.3672491, 10.4325873, 64.81904042826196 
55.3672481, 10.4325869, 64.8310423494298 
55.367247, 10.4325872, 64.80204320711411 
55.3672459, 10.4325874, 64.7390442344683 
55.3672447, 10.4325881, 64.67904453768783 
55.3672437, 10.4325884, 64.63804527111189 
55.3672426, 10.4325891, 64.60004545007641 
55.3672416, 10.4325896, 64.57304584414197 
55.3672404, 10.4325905, 64.52204580799051 
55.3672393, 10.4325912, 64.45804598694012 
55.3672382, 10.4325923, 64.39404548718504 
55.3672373, 10.4325932, 64.34504507829071 
55.3672363, 10.4325945, 64.30404411493463 
55.3672353, 10.4325956, 64.27504349092429 
55.3672345, 10.4325969, 64.22204227907741 
55.3672336, 10.432598, 64.16904153081853 
55.3672328, 10.4325992, 64.11104048864055 
55.3672319, 10.4326002, 64.06503991005015 
55.3672312, 10.4326011, 64.02103925265209 
55.3672308, 10.4326018, 63.98103856188376 
55.3672304, 10.4326027, 63.93203753176391 
55.3672301, 10.4326038, 63.88703603805284 
55.3672295, 10.4326051, 63.84203457770761 
55.3672289, 10.4326065, 63.80303294768463 
55.3672278, 10.4326075, 63.76303261755545 
55.3672267, 10.432608, 63.732033135799284 
55.3672258, 10.432608, 63.70303425394063 
55.3672249, 10.4326079, 63.67603554175389 
55.3672241, 10.4326077, 63.650036875002016 
55.3672233, 10.4326075, 63.62703820824712 
55.3672227, 10.4326074, 63.60103912334135 
55.3672221, 10.4326071, 63.577040377784485 
55.3672215, 10.4326071, 63.542041123200065 
55.3672209, 10.4326066, 63.5050427169902 
55.3672201, 10.4326068, 63.46504337152244 
55.3672193, 10.4326066, 63.43504470475263 
55.3672185, 10.4326067, 63.41404552895452 
55.3672177, 10.4326067, 63.38804652282876 
55.3672169, 10.4326071, 63.35604683799996 
55.367216, 10.4326072, 63.331047786427064 
55.3672155, 10.4326082, 63.325046710843 
55.3672151, 10.432609, 63.321045850374716 
55.3672149, 10.4326099, 63.33404457176444 
55.3672148, 10.4326107, 63.34804333859577 
55.3672148, 10.4326117, 63.35804164184303 
55.3672149, 10.4326125, 63.361040160207125 
55.3672149, 10.4326135, 63.36303846345295 
55.3672148, 10.432614, 63.34803773930878 
55.3672147, 10.4326146, 63.33303684548888 
55.3672148, 10.4326147, 63.31503655158018 
55.3672149, 10.4326148, 63.3170362576714 
55.3672151, 10.4326142, 63.330037027258044 
55.3672151, 10.432614, 63.34703736660908 
55.3672152, 10.4326133, 63.33603843010411 
55.367215, 10.4326137, 63.34103799986881 
55.3672146, 10.4326137, 63.346038496801455 
55.3672142, 10.4326145, 63.367037636329655 
55.3672139, 10.432615, 63.39103716065071 
55.3672135, 10.4326164, 63.41003528212384 
55.3672133, 10.4326176, 63.431033494481454 
55.3672128, 10.4326196, 63.452030722129436 
55.3672124, 10.4326217, 63.47802765586585 
55.367212, 10.4326243, 63.50402374121839 
55.3672117, 10.432627, 63.52001953265734 
55.3672112, 10.4326298, 63.538015402879324 
55.3672108, 10.4326319, 63.53801233660019 
55.3672103, 10.432634, 63.55200939454991 
55.3672099, 10.4326355, 63.58800734632563 
55.3672094, 10.4326374, 63.615004743623395 
55.3672089, 10.4326395, 63.62900180156396 
55.367208, 10.4326417, 63.63699918675012 
55.3672072, 10.4326435, 63.635997126409215 
55.367206, 10.4326454, 63.641995393310474 
55.3672051, 10.4326469, 63.66299396622375 
55.3672041, 10.4326488, 63.68099198465268 
55.3672033, 10.4326505, 63.684990093972104 
55.3672023, 10.4326524, 63.672988112391224 
55.3672013, 10.4326539, 63.642986809516614 
55.3672002, 10.4326554, 63.61498563086605 
55.3671992, 10.4326564, 63.598985176371656 
55.3671979, 10.4326577, 63.59898458552263 
55.3671965, 10.4326592, 63.60198377953769 
55.367195, 10.4326609, 63.60198275841488 
55.3671934, 10.4326626, 63.576981861508486 
55.3671914, 10.4326641, 63.552981800849 
55.3671896, 10.4326651, 63.540982340115065 
55.3671879, 10.4326663, 63.552982415787696 
55.3671864, 10.4326676, 63.580982073323895 
55.3671849, 10.4326691, 63.57998139149424 
55.3671834, 10.4326704, 63.55098104901171 
55.3671819, 10.4326721, 63.51098002780653 
55.3671806, 10.4326734, 63.4909794368634 
55.3671791, 10.4326747, 63.49697909435395 
55.3671777, 10.4326758, 63.52097896697228 
55.3671762, 10.4326768, 63.53397913348016 
55.3671747, 10.4326776, 63.51497963933562 
55.3671733, 10.4326783, 63.48698019064235 
55.367172, 10.432679, 63.47298061772358 
55.3671708, 10.4326797, 63.48198092058094 
55.3671697, 10.4326808, 63.514980420502326 
55.3671687, 10.4326818, 63.52697996588097 
55.3671678, 10.4326827, 63.511979556718146 
55.3671667, 10.4326832, 63.49998007469652 
55.3671656, 10.4326837, 63.50098059266996 
55.3671645, 10.4326837, 63.518981959030484 
55.3671633, 10.4326838, 63.54998327992118 
55.3671619, 10.4326841, 63.578984509875546 
55.3671606, 10.4326844, 63.59398561560902 
55.3671593, 10.432685, 63.59498621230058 
55.367158, 10.4326858, 63.593986469628724 
55.3671567, 10.4326866, 63.6129867269499 
55.3671557, 10.4326873, 63.658986781310716 
55.3671548, 10.432688, 63.69298671145705 
55.3671541, 10.4326885, 63.69498673253673 
55.3671533, 10.432689, 63.69798687782407 
55.3671525, 10.4326893, 63.71098736246532 
55.3671516, 10.4326892, 63.7519886500258 
55.3671507, 10.4326891, 63.79698993758261 
55.3671497, 10.4326892, 63.80699100998763 
55.3671486, 10.4326892, 63.792992376274086 
55.3671475, 10.4326896, 63.791993063843094 
55.3671464, 10.4326902, 63.803993412051014 
55.3671452, 10.4326912, 63.83399320574803 
55.3671441, 10.4326921, 63.86299304491139 
55.3671434, 10.4326932, 63.86399204789187 
55.3671426, 10.432694, 63.85099168410967 
55.3671419, 10.4326947, 63.8459913657981 
55.3671412, 10.4326954, 63.865991047484414 
55.3671404, 10.432696, 63.89299102305124 
55.3671394, 10.4326966, 63.91899124702334 
55.3671384, 10.4326972, 63.91499147099134 
55.3671374, 10.4326977, 63.89899186463343 
55.3671364, 10.4326983, 63.895992088593204 
55.3671355, 10.432699, 63.91499201866844 
55.3671346, 10.4326996, 63.94599211841849 
55.3671338, 10.4327002, 63.96199209396366 
55.367133, 10.4327005, 63.94999257854073 
55.3671322, 10.4327005, 63.920993572149655 
55.3671314, 10.4327006, 63.90199439607761 
55.3671307, 10.4327006, 63.90299526548068 
55.3671299, 10.4327005, 63.90499642875953 
55.367129, 10.4327004, 63.89799771623509 
55.3671279, 10.4327007, 63.85099857339334 
55.3671267, 10.4327009, 63.79899972442301 
55.3671254, 10.4327015, 63.77900032093298 
55.3671243, 10.4327021, 63.791000669041026 
55.3671233, 10.432703, 63.810000383913305 
55.3671226, 10.4327038, 63.82399989586892 
55.3671217, 10.4327048, 63.79799931685959 
55.3671209, 10.4327055, 63.75599912268463 
55.3671198, 10.4327059, 63.71799981012839 
55.3671187, 10.4327061, 63.69900083692298 
55.3671177, 10.4327054, 63.69700326661838 
55.3671167, 10.4327047, 63.69500569630835 
55.3671154, 10.4327046, 63.65000748050839 
55.3671142, 10.4327045, 63.59700914050766 
55.3671128, 10.4327047, 63.56401053985319 
55.3671116, 10.4327048, 63.56501186048369 
55.3671105, 10.4327051, 63.57501271756155 
55.3671094, 10.4327054, 63.572013574634255 
55.3671083, 10.432706, 63.54201392266968 
55.3671072, 10.4327064, 63.51201461005495 
55.3671061, 10.4327068, 63.491015297435155 
55.367105, 10.4327071, 63.48501615448774 
55.3671038, 10.4327075, 63.48601696604666 
55.3671026, 10.432708, 63.48101760792232 
55.3671013, 10.4327085, 63.46001837397976 
55.3671, 10.4327088, 63.442019479384676 
55.3670988, 10.4327094, 63.42701995156415 
55.3670976, 10.4327097, 63.42202093276937 
55.3670967, 10.43271, 63.454021541411386 
55.3670958, 10.4327103, 63.471022150050075 
55.3670946, 10.4327108, 63.43702279188588 
55.3670933, 10.4327111, 63.39702389725434 
55.3670921, 10.4327112, 63.37702521778599 
55.3670909, 10.4327111, 63.39902687766538 
55.3670896, 10.4327112, 63.42802832236718 
55.3670884, 10.4327113, 63.44102964287951 
55.3670871, 10.4327119, 63.42503023918297 
55.3670858, 10.4327124, 63.40403100515631 
55.3670847, 10.4327128, 63.40303169243833 
55.3670834, 10.4327133, 63.42803245839873 
55.3670823, 10.432714, 63.4430326366394 
55.3670814, 10.4327144, 63.44503307554711 
55.3670803, 10.4327147, 63.42403393248584 
55.3670793, 10.4327148, 63.40703500459463 
55.3670784, 10.4327148, 63.4080361221979 
55.3670775, 10.4327148, 63.43803723979755 
55.3670765, 10.432715, 63.460038142217606 
55.3670753, 10.4327152, 63.4730392929867 
55.367074, 10.4327155, 63.45604039824917 
55.3670727, 10.4327155, 63.44004201253394 
55.3670714, 10.4327155, 63.43304362681126 
55.3670702, 10.4327151, 63.45004579561214 
55.3670689, 10.4327153, 63.47304707052237 
55.3670676, 10.4327155, 63.480048345425416 
55.3670662, 10.4327159, 63.4590494051415 
55.3670648, 10.432716, 63.433050973877805 
55.3670634, 10.4327162, 63.43505237292952 
55.3670621, 10.4327162, 63.47205398715406 
55.3670604, 10.4327164, 63.49805575869999 
55.3670588, 10.4327165, 63.51305757573998 
55.367057, 10.432717, 63.49905896240286 
55.3670552, 10.4327173, 63.49106068840376 
55.3670533, 10.4327177, 63.50806236888213 
55.3670517, 10.432718, 63.551063846522084 
55.3670499, 10.4327189, 63.604064554428675 
55.3670484, 10.4327196, 63.63006522917842 
55.3670468, 10.4327204, 63.62206585840764 
55.3670453, 10.4327211, 63.618066533138254 
55.3670437, 10.4327218, 63.6410673320226 
55.367042, 10.4327223, 63.70206859440974 
55.3670405, 10.4327229, 63.76406943878607 
55.367039, 10.4327234, 63.80207045282859 
55.3670377, 10.4327239, 63.80707121854084 
55.3670364, 10.4327243, 63.81507215392152 
55.3670351, 10.4327244, 63.83707359832121 
55.3670337, 10.4327243, 63.897075506222905 
55.3670327, 10.4327243, 63.953076747807884 
55.3670318, 10.4327241, 63.977078204580934 
55.3670309, 10.4327242, 63.98407915232486 
55.3670299, 10.4327241, 63.997080563572524 
55.3670291, 10.432724, 64.02408172650242 
55.3670282, 10.4327237, 64.07708335293567 
55.3670271, 10.4327235, 64.12908505800178 
55.3670258, 10.4327233, 64.15808701137277 
55.3670243, 10.4327234, 64.14908870402094 
55.3670229, 10.4327234, 64.15509044218011 
55.3670214, 10.4327236, 64.1970919651347 
55.3670202, 10.4327238, 64.25709311562157 
55.3670188, 10.4327245, 64.27909366603383 
55.3670174, 10.432725, 64.28709455578716 
55.3670161, 10.4327255, 64.29309532138136 
55.3670147, 10.4327257, 64.29309672014246 
55.3670132, 10.4327259, 64.32009824304498 
55.3670118, 10.4327258, 64.38610015081176 
55.3670103, 10.4327263, 64.43910116467254 
55.3670089, 10.4327265, 64.46210256339882 
55.3670072, 10.432727, 64.47110382553576 
55.3670055, 10.4327272, 64.48910559668316 
55.367004, 10.4327278, 64.52110644083015 
55.3670024, 10.4327283, 64.57510757878705 
55.3670009, 10.4327291, 64.61610808356656 
55.3669994, 10.4327295, 64.6251092670331 
55.366998, 10.43273, 64.6281101566729 
55.3669967, 10.4327301, 64.63511160085775 
55.3669955, 10.4327303, 64.65511275121919 
55.3669942, 10.4327304, 64.69711419539 
55.3669929, 10.4327309, 64.7381149608582 
55.3669916, 10.4327315, 64.75811555664555 
55.3669901, 10.4327321, 64.76011640070581 
55.3669888, 10.4327322, 64.77411784484694 
55.3669877, 10.4327324, 64.80811887102948 
55.3669867, 10.4327327, 64.85611960339475 
55.3669855, 10.4327334, 64.88611990533713 
55.3669843, 10.4327339, 64.8731205466209 
55.3669829, 10.4327343, 64.83712160584608 
55.3669814, 10.4327342, 64.82112363756706 
55.3669806, 10.4327341, 64.83812480032847 
55.3669799, 10.4327342, 64.88512549960453 
55.3669788, 10.432735, 64.91212550770477 
55.3669776, 10.4327355, 64.90312614895504 
55.3669761, 10.4327363, 64.88312665358094 
55.3669745, 10.4327367, 64.87612796102461 
55.366973, 10.4327375, 64.89112846563134 
55.3669718, 10.4327383, 64.92312859783264 
55.3669705, 10.4327394, 64.93212834513943 
55.3669692, 10.4327402, 64.89712860145951 
55.3669677, 10.4327412, 64.86512876668678 
55.3669663, 10.4327416, 64.86012982581545 
55.3669652, 10.4327418, 64.88613085189465 
55.3669643, 10.4327419, 64.92613179938405 
55.3669631, 10.4327425, 64.95013227088913 
55.3669617, 10.4327432, 64.94013282097093 
55.3669601, 10.4327438, 64.9181337889725 
55.3669584, 10.4327442, 64.9081352204364 
55.3669568, 10.4327447, 64.92113635808914 
55.3669553, 10.4327454, 64.95413703225972 
55.3669538, 10.4327465, 64.96813702772843 
55.3669525, 10.4327472, 64.94813745363248 
55.366951, 10.4327482, 64.92113761875706 
55.3669495, 10.4327487, 64.90913863223818 
55.3669478, 10.4327493, 64.92913972428103 
55.3669462, 10.4327497, 64.97914103153661 
55.3669445, 10.432751, 65.02514093584476 
55.3669429, 10.432752, 65.02514122504023 
55.3669412, 10.4327533, 64.99214112932532 
55.3669394, 10.4327542, 64.9621418364095 
55.3669378, 10.4327553, 64.95914195589837 
55.3669361, 10.4327564, 65.00814219949399 
55.3669345, 10.4327575, 65.04614231896122 
55.3669332, 10.4327582, 65.03514274476213 
55.3669318, 10.4327591, 65.00914295532547 
55.3669303, 10.4327599, 65.00614345966876 
55.3669294, 10.4327603, 65.04014389800878 
55.3669287, 10.4327603, 65.07514476680922 
55.3669278, 10.4327605, 65.0911455444892 
55.3669268, 10.4327606, 65.08114661595212 
55.3669257, 10.4327609, 65.06314747217783 
55.3669244, 10.432761, 65.050148915969 
55.3669234, 10.4327611, 65.06014998741732 
55.3669223, 10.4327612, 65.08815118297278 
55.3669211, 10.4327614, 65.09715233296114 
55.3669199, 10.4327613, 65.06815399196151 
55.3669188, 10.4327613, 65.02915535717285 
55.3669176, 10.4327612, 65.0051570161609 
55.3669164, 10.432761, 65.02115884481492 
55.3669153, 10.4327609, 65.06216037968161 
55.3669139, 10.4327611, 65.08116177784905 
55.3669127, 10.4327612, 65.06316309746617 
55.3669114, 10.4327612, 65.04116471085594 
55.3669101, 10.4327612, 65.03016632423827 
55.3669089, 10.4327612, 65.03316781350767 
55.3669077, 10.4327613, 65.06016913309863 
55.3669065, 10.4327617, 65.08416994366713 
55.3669055, 10.4327618, 65.06717101503773 
55.3669043, 10.4327621, 65.03817199526719 
55.3669033, 10.4327622, 65.02717306662842 
55.3669018, 10.4327622, 65.02617492816995 
55.3669005, 10.4327623, 65.06317637182607 
55.366899, 10.4327628, 65.1001773849903 
55.3668976, 10.4327633, 65.10317827404447 
55.3668961, 10.4327638, 65.08217928719057 
55.3668946, 10.4327644, 65.0841801306555 
55.3668931, 10.4327648, 65.09918131345452 
55.366892, 10.4327651, 65.13518216952298 
55.3668909, 10.4327655, 65.14618285591473 
55.3668898, 10.4327657, 65.11818388164468 
55.3668886, 10.4327655, 65.09818571015239 
55.3668874, 10.432765, 65.10018804766776 
55.3668865, 10.432764, 65.11819086124544 
55.3668856, 10.4327629, 65.15819384448903 
55.3668843, 10.4327626, 65.18119596673802 
55.3668831, 10.4327623, 65.17519796488489 
55.3668817, 10.4327624, 65.15719953252852 
55.3668803, 10.4327626, 65.15320093049274 
55.3668787, 10.432763, 65.16720223729159 
55.3668772, 10.4327636, 65.20220308064633 
55.3668758, 10.4327644, 65.21020346055906 
55.3668742, 10.4327651, 65.1882042583155 
55.3668726, 10.4327658, 65.17120505606132 
55.3668711, 10.4327663, 65.16920606904901 
55.3668696, 10.4327669, 65.19420691235658 
55.366868, 10.4327675, 65.2292078797426 
55.3668663, 10.4327686, 65.25320812285179 
55.3668648, 10.4327693, 65.24020879645892 
55.3668631, 10.4327703, 65.2222092092164 
55.3668615, 10.4327711, 65.22020983721826 
55.36686, 10.4327721, 65.2442100017838 
55.3668587, 10.4327732, 65.28520974850157 
55.3668575, 10.4327743, 65.28920937112886 
55.3668564, 10.4327751, 65.25220937867925 
55.3668551, 10.4327757, 65.23020997373123 
55.3668538, 10.432776, 65.22821107778816 
55.3668522, 10.4327761, 65.24721289342318 
55.3668507, 10.4327763, 65.28721441529596 
55.3668493, 10.4327768, 65.30321530406762 
55.366848, 10.4327771, 65.28221640809264 
55.3668468, 10.4327774, 65.2662173880316 
55.3668456, 10.4327775, 65.26021870730526 
55.3668445, 10.4327774, 65.27222024183544 
55.3668434, 10.4327773, 65.30522177636016 
55.3668424, 10.4327772, 65.3052231868025 
55.3668415, 10.4327767, 65.2702251518443 
55.3668407, 10.4327763, 65.2552268231357 
55.36684, 10.4327758, 65.25122854001798 
55.3668395, 10.4327749, 65.27623068742608 
55.3668389, 10.4327741, 65.32223278923753 
55.3668381, 10.4327736, 65.32823463018723 
55.3668372, 10.432773, 65.28123676487768 
55.3668362, 10.4327727, 65.23723851462918 
55.3668353, 10.4327726, 65.21123980096328 
55.3668343, 10.4327727, 65.22224087202798 
55.3668333, 10.4327729, 65.25424177341895 
55.3668323, 10.4327731, 65.24424267480565 
55.366831, 10.4327731, 65.18624428774237 
55.3668298, 10.432773, 65.13824594626972 
55.3668286, 10.4327729, 65.1162476047906 
55.3668272, 10.4327729, 65.13624934177611 
55.3668259, 10.432773, 65.16725078501439 
55.3668244, 10.4327732, 65.1642523067141 
55.366823, 10.4327734, 65.13125370433595 
55.3668215, 10.4327737, 65.10925505634805 
55.3668202, 10.432774, 65.10025616021662 
55.3668187, 10.4327745, 65.11725717287317 
55.3668175, 10.432775, 65.13825781332282 
55.3668164, 10.4327753, 65.12025866903876 
55.3668153, 10.4327754, 65.07625986408715 
55.3668143, 10.4327752, 65.05026144407199 
55.3668133, 10.4327749, 65.05726319372087 
55.3668122, 10.4327744, 65.06726540676567 
55.3668111, 10.432774, 65.05926745013598 
55.36681, 10.4327737, 65.024269323832 
55.3668089, 10.4327733, 64.97527136719066 
55.3668078, 10.4327728, 64.95327358021167 
55.3668066, 10.4327723, 64.9522759172876 
55.3668055, 10.4327717, 64.96127829996402 
55.3668044, 10.4327712, 64.95828051296628 
55.3668033, 10.4327704, 64.91528323496601 
55.3668023, 10.4327695, 64.86528600256787 
55.3668014, 10.4327686, 64.84828864610535 
55.3668006, 10.4327677, 64.85229116557979 
55.3667995, 10.4327668, 64.86329405722306 
55.3667983, 10.432766, 64.87329690324924 
55.3667969, 10.4327652, 64.84929999738051 
55.3667957, 10.4327645, 64.80730267372303 
55.3667944, 10.432764, 64.78630513477945 
55.3667933, 10.4327637, 64.78430700838464 
55.3667921, 10.4327634, 64.80230900603831 
55.366791, 10.4327632, 64.81131070996486 
55.3667898, 10.432763, 64.77931253793902 
55.3667887, 10.4327625, 64.71231475085358 
55.3667876, 10.4327619, 64.68631713342853 
55.3667867, 10.4327613, 64.71431926789394 
55.3667856, 10.4327604, 64.74732215945616 
55.3667845, 10.4327597, 64.75732471167926 
55.3667834, 10.4327591, 64.73432709422991 
55.3667822, 10.4327583, 64.69632994015574 
55.3667809, 10.4327574, 64.68433307978857 
55.3667797, 10.4327565, 64.70433609536386 
55.3667784, 10.432756, 64.71733855631683 
55.3667773, 10.4327556, 64.69734059950163 
55.3667761, 10.4327551, 64.63934293639267 
55.366775, 10.4327546, 64.5773451492304 
55.3667738, 10.4327539, 64.53134782543815 
55.3667726, 10.4327531, 64.52535067130337 
55.3667713, 10.4327524, 64.52335347154047 
55.3667698, 10.4327515, 64.49535685918612 
55.3667683, 10.4327509, 64.43135973782594 
55.366767, 10.4327503, 64.35536236836987 
55.3667656, 10.4327497, 64.31336512294718 
55.3667643, 10.432749, 64.31236792313788 
55.366763, 10.4327482, 64.29837089298415 
55.3667619, 10.4327471, 64.25637412373369 
55.3667608, 10.4327461, 64.19137718481186 
55.36676, 10.4327451, 64.14137987376563 
55.3667591, 10.4327445, 64.11338200809884 
55.3667582, 10.432744, 64.10938397276402 
55.366757, 10.4327437, 64.0713859702113 
55.3667559, 10.4327434, 63.99138784361455 
55.3667546, 10.4327428, 63.893390474075815 
55.3667532, 10.4327419, 63.812393737554515 
55.366752, 10.4327411, 63.74939658328881 
55.3667508, 10.4327406, 63.70339892002623 
55.3667494, 10.4327407, 63.6394004868472 
55.3667481, 10.4327407, 63.53240209928893 
55.3667469, 10.4327403, 63.40040426634157 
55.366746, 10.4327398, 63.28340623095207 
55.3667451, 10.4327389, 63.185408874209045 
55.3667441, 10.4327379, 63.11741181115545 
55.3667432, 10.4327368, 63.050414793726816 
55.3667421, 10.4327356, 62.95441819401672 
55.3667411, 10.4327343, 62.834421639930824 
55.3667402, 10.4327327, 62.71542547079402 
55.3667393, 10.432731, 62.648429471312134 
55.3667385, 10.4327295, 62.609433008470866 
55.3667376, 10.4327283, 62.567436160667945 
55.3667366, 10.432727, 62.502439606548684 
55.3667359, 10.4327257, 62.4324426803399 
55.3667351, 10.4327239, 62.341446726459345 
55.3667346, 10.4327218, 62.28645090947434 
55.3667342, 10.4327195, 62.262455307778694 
55.3667336, 10.4327168, 62.272460632771725 
55.3667329, 10.4327142, 62.26946591212156 
55.3667322, 10.4327113, 62.21347170044228 
55.3667315, 10.4327089, 62.15047664045396 
55.366731, 10.4327058, 62.10748252002499 
55.3667306, 10.4327033, 62.09048725760654 
55.36673, 10.432701, 62.09249190391128 
55.3667294, 10.432699, 62.08949604123255 
55.366729, 10.432697, 62.027499930501705 
55.3667287, 10.432695, 61.9435036957434 
55.3667285, 10.4326926, 61.85450801559182 
55.3667283, 10.4326904, 61.814511996118874 
55.3667281, 10.4326883, 61.807515806983616 
55.3667277, 10.4326863, 61.78451969623097 
55.3667275, 10.4326841, 61.711523676745315 
55.3667272, 10.4326817, 61.62852812059205 
55.3667271, 10.4326791, 61.56753265570487 
55.366727, 10.4326767, 61.54453685149815 
55.3667268, 10.4326738, 61.55154201959223 
55.3667263, 10.4326714, 61.538546711458594 
55.3667259, 10.4326689, 61.475551448954285 
55.3667256, 10.4326661, 61.40755657139195 
55.3667255, 10.4326632, 61.37356161543843 
55.3667255, 10.4326604, 61.38256636580256 
55.3667253, 10.4326575, 61.4105715338557 
55.366725, 10.4326544, 61.40557716523172 
55.3667248, 10.4326514, 61.36958250292493 
55.3667245, 10.4326484, 61.33858796462953 
55.3667243, 10.4326455, 61.338593132652754 
55.366724, 10.4326428, 61.37959808537863 
55.3667238, 10.4326402, 61.410602744425475 
55.3667236, 10.4326376, 61.396607403466504 
55.3667235, 10.4326349, 61.36261210813765 
55.3667234, 10.4326322, 61.34161681280296 
55.3667236, 10.432629, 61.364621993676266 
55.3667237, 10.432626, 61.428626959253634 
55.3667237, 10.4326229, 61.463632218494574 
55.3667237, 10.4326197, 61.45163764738074 
55.3667238, 10.4326164, 61.43564312189439 
55.3667237, 10.4326132, 61.44364867478177 
55.3667237, 10.4326098, 61.50165444294798 
55.3667235, 10.432607, 61.58065944122893 
55.3667235, 10.4326041, 61.60766436112196 
55.3667235, 10.4326014, 61.58666894170628 
55.3667235, 10.4325984, 61.57467403123789 
55.3667236, 10.4325955, 61.581678827096 
55.3667239, 10.4325925, 61.63668354456663 
55.3667241, 10.4325896, 61.70468821639643 
55.3667243, 10.4325867, 61.72269288822026 
55.3667244, 10.4325835, 61.707698193003374 
55.3667245, 10.4325805, 61.70470315847977 
55.3667245, 10.4325776, 61.72970807831567 
55.3667244, 10.4325748, 61.7767129525113 
55.3667244, 10.4325722, 61.81871736338755 
55.3667244, 10.4325695, 61.81972194390744 
55.3667246, 10.4325665, 61.791726785337474 
55.3667249, 10.4325636, 61.789731333097706 
55.3667252, 10.4325608, 61.82373571120383 
55.3667254, 10.4325579, 61.8827403829673 
55.3667255, 10.4325551, 61.92774500909192 
55.3667257, 10.4325522, 61.9367496808435 
55.3667259, 10.4325493, 61.92675435258903 
55.3667263, 10.4325465, 61.9307586066519 
55.3667266, 10.4325437, 61.96376298472398 
55.3667267, 10.4325409, 62.01376761082007 
55.3667267, 10.4325384, 62.03577185198547 
55.3667268, 10.4325359, 62.012775969131624 
55.3667271, 10.4325333, 61.976780007890326 
55.3667273, 10.4325307, 61.97878417065878 
55.3667275, 10.432528, 62.00578850306811 
55.3667276, 10.4325249, 62.06779363806891 
55.3667275, 10.432522, 62.11779868180045 
55.3667276, 10.4325193, 62.117803138206995 
55.3667279, 10.4325166, 62.09280734658 
55.3667281, 10.4325139, 62.09381167896194 
55.3667284, 10.4325111, 62.11981605696916 
55.3667285, 10.4325085, 61.3698203437102 
55.3667286, 10.4325062, 61.66782412151382 
55.3667288, 10.432504, 61.87382760565578 
55.366729, 10.4325016, 62.02383142908189 
55.3667294, 10.4324992, 62.11483500447615 
55.3667298, 10.4324969, 62.2008384102227 
55.3667302, 10.4324944, 62.27884215525208 
55.3667304, 10.4324919, 62.32984614830506 
55.3667306, 10.4324891, 62.317850650282516 
55.3667309, 10.4324863, 62.259855028240366 
55.3667312, 10.4324832, 62.1838599151203 
55.3667315, 10.4324805, 62.12486412342408 
55.3667317, 10.4324781, 62.071867946810144 
55.3667317, 10.4324758, 62.00087184857789 
55.3667317, 10.4324734, 61.90087591998345 
55.3667319, 10.4324708, 61.79288008264051 
55.3667321, 10.4324682, 61.69788424529277 
55.3667324, 10.4324653, 61.61488879285024 
55.3667327, 10.4324629, 61.54889249219654 
55.3667331, 10.4324608, 61.48589555860241 
55.3667334, 10.4324587, 61.398898749018706 
55.3667337, 10.4324564, 61.291902278713124 
55.3667341, 10.4324537, 61.19090636295165 
55.3667344, 10.4324513, 61.134910062278124 
55.3667347, 10.4324488, 61.10791393124053 
55.3667348, 10.4324468, 61.080917200026676 
55.3667349, 10.4324446, 61.01892080808942 
55.3667351, 10.4324424, 60.94192429213494 
55.3667353, 10.4324404, 60.8839274368981 
55.3667357, 10.4324384, 60.848930333630875 
55.3667361, 10.4324361, 60.83793373927821 
55.3667363, 10.4324342, 60.82293671439341 
55.3667365, 10.4324318, 60.76494053770043 
55.3667367, 10.4324294, 60.67794436100337 
55.3667369, 10.432427, 60.60594818430215 
55.3667371, 10.4324248, 60.56695166832016 
55.3667372, 10.4324227, 60.550955106710234 
55.3667373, 10.4324211, 60.529957696906806 
55.3667373, 10.4324195, 60.47696041111517 
55.3667374, 10.4324178, 60.38996317094584 
55.3667376, 10.4324158, 60.306966315673975 
55.3667379, 10.432414, 60.26996899711061 
55.3667382, 10.4324122, 60.26397167854482 
55.3667383, 10.4324103, 60.25497477764134 
55.3667385, 10.4324083, 60.216977922358815 
55.3667388, 10.4324059, 60.13998162160784 
55.366739, 10.4324036, 60.09498527522958 
55.3667392, 10.4324012, 60.06998909848423 
55.3667393, 10.432399, 60.06099270647532 
55.3667393, 10.4323971, 60.04599592956731 
55.3667393, 10.4323951, 60.00399932229274 
55.3667394, 10.432393, 59.935002760637886 
55.3667396, 10.432391, 59.877005905330705 
55.3667398, 10.4323891, 59.847008880384905 
55.3667401, 10.4323869, 59.8430122403301 
55.3667403, 10.4323848, 59.8440155546497 
55.3667404, 10.4323825, 59.81401933225001 
55.3667406, 10.4323802, 59.75602298583325 
55.3667409, 10.4323778, 59.716026685034464 
55.3667412, 10.4323753, 59.705030553866386 
55.3667414, 10.4323728, 59.71703454670703 
55.3667414, 10.4323703, 59.7300387875695 
55.3667413, 10.4323676, 59.72304349170853 
55.3667413, 10.4323652, 59.69604756292696 
55.3667414, 10.4323628, 59.67805151012823 
55.3667416, 10.4323607, 59.69205482441167 
55.3667417, 10.4323585, 59.739058432338126 
55.3667417, 10.4323563, 59.780062164273616 
55.3667416, 10.4323539, 59.7840663594842 
55.3667417, 10.4323511, 59.74907098519745 
55.3667418, 10.4323485, 59.74207527163938 
55.366742, 10.4323458, 59.7670796036968 
55.3667421, 10.4323433, 59.80908372049637 
55.366742, 10.4323409, 59.8450879156831 
55.366742, 10.4323386, 59.8380918172214 
55.3667421, 10.4323364, 59.80609542511204 
55.3667423, 10.4323342, 59.783098908987455 
55.3667426, 10.4323321, 59.78210209921609 
55.3667428, 10.4323298, 59.82110575271613 
55.3667427, 10.4323275, 59.860109778247455 
55.3667428, 10.432325, 59.850113895013436 
55.366743, 10.4323226, 59.81211771813259 
55.3667431, 10.4323201, 59.79312183488973 
55.3667433, 10.4323176, 59.8091258276309 
55.3667434, 10.4323151, 59.85712994437895 
55.3667434, 10.4323132, 59.886133167352966 
55.3667435, 10.4323109, 59.862136944833 
55.3667437, 10.432309, 59.834139919778735 
55.3667439, 10.4323066, 59.831143742870324 
55.3667442, 10.4323045, 59.86214693305814 
55.3667444, 10.4323021, 59.90415075614206 
55.3667445, 10.4323, 59.92615419434537 
55.3667446, 10.4322977, 59.908157971803575 
55.3667446, 10.4322952, 59.876162212526495 
55.3667447, 10.4322928, 59.86816615960518 
55.3667447, 10.4322906, 59.88816989143346 
55.3667446, 10.4322884, 59.91817374726865 
55.3667444, 10.4322863, 59.93617755748217 
55.3667443, 10.4322842, 59.92018124368147 
55.3667443, 10.4322819, 59.876185145122705 
55.3667444, 10.43228, 59.85818824403928 
55.3667447, 10.4322782, 59.87119092530553 
55.3667449, 10.4322761, 59.90119423946176 
55.366745, 10.4322738, 59.92919801687934 
55.366745, 10.4322714, 59.92220208793006 
55.3667451, 10.4322687, 59.88020654384704 
55.3667452, 10.4322666, 59.8572099819988 
55.3667453, 10.4322641, 59.85021409865331 
55.3667453, 10.4322618, 59.85821800006026 
55.3667451, 10.4322597, 59.85222181022989 
55.366745, 10.4322571, 59.811226344516044 
55.3667449, 10.4322546, 59.75923070917103 
55.3667449, 10.4322522, 59.72823478018641 
55.3667449, 10.4322499, 59.72123868157202 
55.3667449, 10.4322472, 59.746243261454325 
55.3667446, 10.4322447, 59.753247874106854 
55.3667445, 10.4322421, 59.7252524083616 
55.3667444, 10.4322393, 59.67425728186002 
55.3667443, 10.4322366, 59.64726198572782 
55.3667443, 10.4322339, 59.64726656558193 
55.3667442, 10.4322314, 59.6652709301903 
55.3667438, 10.4322293, 59.67427498832102 
55.3667435, 10.432227, 59.64327926168689 
55.3667433, 10.4322248, 59.594283241417315 
55.3667433, 10.4322227, 59.5592868035066 
55.3667433, 10.4322206, 59.55329036559249 
55.3667433, 10.4322184, 59.58229409729793 
55.366743, 10.4322159, 59.598298709887224 
55.3667428, 10.4322135, 59.568303028841974 
55.3667427, 10.4322108, 59.49130773265251 
55.3667426, 10.4322083, 59.44931209721302 
55.3667425, 10.4322059, 59.43231629214654 
55.3667424, 10.4322038, 59.4443199782103 
55.3667421, 10.4322019, 59.45932357303802 
55.3667418, 10.4321999, 59.43432733748346 
55.3667416, 10.4321976, 59.378331486783686 
55.3667417, 10.4321959, 59.35133424633843 
55.3667418, 10.432194, 59.352337345132995 
55.3667419, 10.4321921, 59.38134044392495 
55.3667418, 10.4321899, 59.39834429958563 
55.3667417, 10.4321876, 59.40334832486286 
55.3667418, 10.4321853, 59.38035210212695 
55.3667419, 10.432183, 59.35735587938722 
55.366742, 10.4321805, 59.36235999588348 
55.366742, 10.4321782, 59.388363897139826 
55.3667417, 10.4321761, 59.41936783116502 
55.3667414, 10.4321741, 59.425371595566375 
55.3667412, 10.432172, 59.398375405579486 
55.366741, 10.4321699, 59.375379215588616 
55.3667409, 10.4321679, 59.380382731971736 
55.3667408, 10.4321655, 59.410386926826504 
55.3667407, 10.4321635, 59.447390443202394 
55.3667404, 10.4321608, 59.47939539490901 
55.3667402, 10.4321581, 59.47740022260653 
55.36674, 10.4321555, 59.48740488067983 
55.3667399, 10.432153, 59.51740924512757 
55.3667396, 10.4321507, 59.57241351833879 
55.3667391, 10.4321483, 59.634418209165325 
55.3667388, 10.4321462, 59.66642214313143 
55.3667386, 10.4321436, 59.676426801176945 
55.3667385, 10.4321413, 59.70043082636553 
55.3667386, 10.4321391, 59.7434344339317 
55.3667387, 10.4321368, 59.8024382111108 
55.3667389, 10.4321344, 59.87344203390157 
55.3667389, 10.4321317, 59.93544661353765 
55.3667389, 10.4321293, 59.95645068432066 
55.3667388, 10.432127, 59.97445470948384 
55.3667387, 10.4321244, 60.01345924348924 
55.3667386, 10.4321217, 60.0674639471044 
55.3667383, 10.4321191, 60.13946872909817 
55.3667381, 10.4321164, 60.17147355670096 
55.3667381, 10.4321139, 60.158477797069565 
55.3667381, 10.4321115, 60.162481867818926 
55.3667382, 10.4321091, 60.19848581456468 
55.3667382, 10.4321065, 60.25549022453356 
55.3667382, 10.4321036, 60.32149514333886 
55.3667382, 10.4321006, 60.36050023175137 
55.3667383, 10.4320978, 60.35750485693148 
55.3667382, 10.4320951, 60.34850956048971 
55.3667379, 10.4320924, 60.364514512038696 
55.3667375, 10.4320898, 60.40151941796613 
55.366737, 10.4320875, 60.441523939046604 
55.3667366, 10.4320856, 60.43452765767395 
55.3667363, 10.4320836, 60.39453142191225 
55.3667362, 10.4320813, 60.36853544698883 
55.3667362, 10.432079, 60.381539348064216 
55.3667361, 10.4320766, 60.42654354274404 
55.3667359, 10.4320743, 60.460547691804166 
55.3667357, 10.4320715, 60.43755268891616 
55.3667357, 10.4320687, 60.38955743802926 
55.3667356, 10.4320658, 60.370562480743146 
55.3667354, 10.432063, 60.383567477835484 
55.3667352, 10.4320607, 60.40457162686897 
55.3667349, 10.4320587, 60.398575391062366 
55.3667346, 10.4320565, 60.3615794944719 
55.3667345, 10.4320542, 60.32158351949683 
55.3667344, 10.4320516, 60.30358805334657 
55.3667342, 10.4320493, 60.31259220235692 
55.3667341, 10.4320468, 60.330596566586884 
55.3667339, 10.4320442, 60.35060122441507 
55.3667337, 10.4320416, 60.349605882237455 
55.3667337, 10.4320389, 60.33161046167504 
55.3667337, 10.4320363, 60.325614871498544 
55.3667335, 10.4320334, 60.350620038128824 
55.3667332, 10.4320312, 60.386624141488795 
55.3667328, 10.4320287, 60.404628877660656 
55.3667325, 10.4320265, 60.39063298101039 
55.3667323, 10.4320242, 60.36763712997032 
55.3667321, 10.4320221, 60.37564093971101 
55.366732, 10.43202, 60.421644625455514 
55.3667318, 10.4320179, 60.49364843518842 
55.3667316, 10.4320157, 60.54665241452423 
55.3667313, 10.4320131, 60.569657196273766 
55.3667311, 10.4320106, 60.56866168441929 
55.366731, 10.4320081, 60.5806660485682 
55.3667309, 10.4320057, 60.63367024310604 
55.3667307, 10.4320033, 60.703674561630024 
55.3667305, 10.432001, 60.74167871054332 
55.3667303, 10.4319983, 60.73468353787369 
55.3667302, 10.4319958, 60.70968790199716 
55.3667301, 10.4319935, 60.70569192690542 
55.3667301, 10.4319913, 60.73769565821462 
55.3667301, 10.4319891, 60.77569938952006 
55.36673, 10.4319867, 60.79170358402061 
55.3667299, 10.431984, 60.76570828732944 
55.36673, 10.4319812, 60.720712912257646 
55.36673, 10.4319786, 60.69971732196161 
55.36673, 10.4319759, 60.72072190126408 
55.3667297, 10.4319737, 60.74372600451059 
55.3667294, 10.4319717, 60.73872976854562 
55.3667291, 10.4319697, 60.70173353257664 
55.366729, 10.4319676, 60.660737218230025 
55.366729, 10.4319656, 60.652740610288674 
55.3667291, 10.4319635, 60.686744047958754 
55.3667292, 10.4319611, 60.73074799443319 
55.366729, 10.4319589, 60.732751973662765 
55.366729, 10.4319565, 60.69875604411676 
55.366729, 10.4319538, 60.67076062337222 
55.366729, 10.4319512, 60.668765033020335 
55.3667288, 10.431949, 60.69576901223189 
55.3667285, 10.4319471, 60.72277260662209 
55.3667281, 10.4319451, 60.71477649459671 
55.3667278, 10.4319432, 60.68678008897915 
55.3667278, 10.4319411, 60.67578365060014 
55.3667278, 10.4319392, 60.69478687301623 
55.3667279, 10.4319374, 60.74178980184249 
55.3667278, 10.4319352, 60.772793657041035 
55.3667276, 10.4319334, 60.765796957820534 
55.3667275, 10.4319312, 60.735800813011686 
55.3667275, 10.4319286, 60.72180522261287 
55.3667277, 10.4319265, 60.73480853623853 
55.3667278, 10.4319246, 60.7768116346475 
55.3667277, 10.4319227, 60.81281498102522 
55.3667276, 10.4319209, 60.8088181578006 
55.3667275, 10.4319191, 60.764821334573256 
55.3667275, 10.4319171, 60.73182472655611 
55.3667275, 10.4319153, 60.73182777933803 
55.3667276, 10.4319133, 60.7578310473299 
55.3667276, 10.4319112, 60.80183460890257 
55.3667276, 10.4319088, 60.81083867926718 
55.3667276, 10.4319064, 60.780842749627354 
55.3667275, 10.4319039, 60.74784711356589 
55.3667274, 10.4319016, 60.75185113830359 
55.3667271, 10.4318992, 60.80985558060325 
55.366727, 10.4318973, 60.840858926941806 
55.3667269, 10.4318952, 60.807862612472064 
55.3667267, 10.4318931, 60.75786642198254 
55.3667265, 10.4318909, 60.74187040108607 
55.3667264, 10.4318888, 60.77687408660502 
55.3667263, 10.4318868, 60.848877602523636 
55.3667262, 10.4318843, 60.899881966421496 
55.366726, 10.4318814, 60.903887132682314 
55.3667258, 10.4318787, 60.89789195974387 
55.3667256, 10.431876, 60.90089678679918 
55.3667254, 10.4318734, 60.9429014442526 
55.3667251, 10.4318712, 61.0299055473005 
55.3667247, 10.431869, 61.07390977432543 
55.3667243, 10.4318672, 61.055913322964855 
55.3667241, 10.4318649, 61.044917471612436 
55.366724, 10.4318626, 61.079921496274196 
55.366724, 10.4318601, 61.14092573613977 
55.366724, 10.4318575, 61.20993014559481 
55.3667239, 10.4318548, 61.255934848619546 
55.3667238, 10.4318522, 61.27093938204449 
55.3667237, 10.4318495, 61.28594408505762 
55.3667235, 10.4318465, 61.320949420825485 
55.3667232, 10.4318438, 61.38395437178586 
55.3667228, 10.4318415, 61.448958768347 
55.3667224, 10.4318392, 61.46696316490248 
55.3667221, 10.4318368, 61.447967607065934 
55.366722, 10.4318346, 61.446971462081216 
55.3667219, 10.4318325, 61.472975147500264 
55.3667219, 10.4318302, 61.521979048121274 
55.3667218, 10.4318274, 61.57898392067638 
55.3667217, 10.4318249, 61.59298828445012 
55.3667217, 10.4318225, 61.56799235464901 
55.3667215, 10.4318203, 61.561996333616904 
55.3667212, 10.4318182, 61.574000266967104 
55.366721, 10.4318161, 61.59700407633535 
55.3667208, 10.4318143, 61.61800737692707 
55.3667207, 10.4318123, 61.59201089271998 
55.3667208, 10.4318106, 61.54001365178354 
55.3667209, 10.4318088, 61.50901658043547 
55.3667211, 10.4318071, 61.51101921551748 
55.3667212, 10.4318046, 61.54302333129597 
55.3667213, 10.4318021, 61.56102744706983 
55.3667214, 10.4317997, 61.533031393249345 
55.3667215, 10.4317972, 61.480035509014165 
55.3667215, 10.4317944, 61.43904025751934 
55.3667214, 10.431792, 61.43404445163844 
55.3667211, 10.4317898, 61.46004855452772 
55.3667208, 10.4317878, 61.45505231823462 
55.3667207, 10.4317857, 61.4170560035742 
55.3667208, 10.4317835, 61.376059610546854 
55.366721, 10.4317813, 61.36006309354009 
55.3667213, 10.4317791, 61.37606645255391 
55.3667214, 10.4317765, 61.404070737868125 
55.3667215, 10.4317741, 61.39507468400173 
55.3667215, 10.4317717, 61.36307875410682 
55.3667214, 10.4317691, 61.34108328735785 
55.3667212, 10.4317666, 61.33508777499152 
55.3667209, 10.4317641, 61.352092386594784 
55.3667205, 10.4317617, 61.37509695258012 
55.3667201, 10.4317596, 61.365101009799574 
55.3667198, 10.4317574, 61.324105112626356 
55.3667197, 10.4317552, 61.287108967500316 
55.3667197, 10.4317531, 61.279112528810174 
55.3667196, 10.4317509, 61.319116383676494 
55.3667195, 10.4317486, 61.35312040812458 
55.3667194, 10.4317464, 61.34512426298278 
55.3667193, 10.4317442, 61.31712811783699 
55.3667193, 10.4317417, 61.29413235746962 
55.3667192, 10.4317394, 61.29013638190054 
55.3667189, 10.4317372, 61.316140484688155 
55.3667187, 10.4317352, 61.34114412432898 
55.3667186, 10.4317334, 61.32814730082463 
55.3667186, 10.4317316, 61.29615035334504 
55.3667187, 10.4317297, 61.28015345147486 
55.3667189, 10.4317275, 61.282156934381945 
55.366719, 10.4317253, 61.31716054125796 
55.366719, 10.4317232, 61.340164102518905 
55.3667191, 10.4317214, 61.31416703105339 
55.3667192, 10.4317193, 61.278170468336015 
55.3667193, 10.4317169, 61.24917441436537 
55.3667193, 10.4317146, 61.23617831477936 
55.3667192, 10.4317126, 61.2581818304122 
55.3667189, 10.4317106, 61.25818559398506 
55.3667187, 10.4317088, 61.21418889441719 
55.3667187, 10.431707, 61.17419194690369 
55.3667187, 10.431705, 61.15019533855246 
55.3667189, 10.431703, 61.15119848225571 
55.3667191, 10.4317007, 61.18720213470236 
55.366719, 10.4316984, 61.21220615905853 
55.366719, 10.4316962, 61.18320988985778 
55.3667188, 10.4316936, 61.137214546920916 
55.3667186, 10.4316913, 61.111218695234335 
55.3667184, 10.4316887, 61.12122335228638 
55.3667182, 10.4316863, 61.17222767017074 
55.3667178, 10.4316842, 61.19123172724775 
55.3667176, 10.431682, 61.149235705961104 
55.3667173, 10.4316801, 61.12523929989848 
55.3667171, 10.4316781, 61.12324293944315 
55.3667171, 10.4316759, 61.14424667020605 
55.366717, 10.4316736, 61.199250694514106 
55.3667168, 10.4316712, 61.22625501236635 
55.3667167, 10.431669, 61.19625886708596 
55.3667167, 10.4316664, 61.17826327615029 
55.3667168, 10.431664, 61.18226722208281 
55.3667167, 10.4316619, 61.2202709072109 
55.3667163, 10.4316598, 61.27027496423965 
55.366716, 10.4316577, 61.278278897295735 
55.3667158, 10.4316555, 61.251282875958246 
55.3667156, 10.4316533, 61.24228685461646 
55.3667156, 10.431651, 61.25329075491386 
55.3667156, 10.4316487, 61.29729465520725 
55.3667156, 10.4316462, 61.35829889465196 
55.3667156, 10.4316434, 61.39330364282432 
55.3667155, 10.4316408, 61.383308175802895 
55.3667155, 10.4316382, 61.38231258480939 
55.3667154, 10.4316358, 61.414316778623416 
55.3667153, 10.4316332, 61.46032131158607 
55.366715, 10.4316307, 61.51532592289898 
55.3667148, 10.4316285, 61.534329901511285 
55.3667147, 10.4316264, 61.50733358657748 
55.3667147, 10.4316244, 61.49133697809846 
55.3667148, 10.4316226, 61.50433990649916 
55.366715, 10.4316207, 61.54534288050765 
55.3667152, 10.4316185, 61.60334636324019 
55.3667153, 10.4316161, 61.63635030908557 
55.3667156, 10.4316136, 61.623354176570935 
55.366716, 10.4316111, 61.61335792008629 
55.3667165, 10.4316087, 61.625361370056595 
55.3667168, 10.4316065, 61.67836472880458 
55.366717, 10.4316047, 61.73036753321657 
55.3667171, 10.4316027, 61.74637080074079 
55.3667174, 10.4316006, 61.72237398990505 
55.3667178, 10.4315984, 61.71237722467453 
55.3667183, 10.4315966, 61.72137965717865 
55.3667189, 10.4315943, 61.77338281358337 
55.3667194, 10.4315922, 61.84038575480249 
55.3667199, 10.4315899, 61.86538903516528 
55.3667205, 10.4315877, 61.83539202198419 
55.3667211, 10.4315855, 61.80039500879904 
55.3667219, 10.4315835, 61.78639740852998 
55.3667226, 10.4315818, 61.7913994235044 
55.3667231, 10.4315804, 61.81040117769114 
55.3667238, 10.4315789, 61.77040285351403 
55.3667245, 10.4315775, 61.68340435976123 
55.3667252, 10.431576, 61.60440603557841 
55.366726, 10.4315745, 61.54940758742451 
55.3667269, 10.4315729, 61.5354091848713 
55.3667279, 10.4315711, 61.533410997490094 
55.3667287, 10.4315695, 61.49441271889722 
55.3667295, 10.4315676, 61.40741494901779 
55.3667302, 10.4315655, 61.32541764224829 
55.3667307, 10.4315633, 61.263420752986285 
55.3667313, 10.4315612, 61.22642357017867 
55.3667317, 10.4315594, 61.195426126592054 
55.366732, 10.4315574, 61.13742914611635 
55.3667324, 10.4315555, 61.042431872096074 
55.3667329, 10.4315536, 60.9894344741028 
55.3667336, 10.4315519, 60.970436489023115 
55.3667343, 10.4315499, 61.00643901265377 
55.3667348, 10.4315477, 61.03644212336437 
55.3667352, 10.4315455, 61.046445358042035 
55.3667357, 10.4315434, 61.02544829917448 
55.3667362, 10.4315413, 61.01745124030336 
55.366737, 10.4315391, 61.04445397908533 
55.3667376, 10.4315369, 61.11545696580559 
55.3667382, 10.4315347, 61.164459952521796 
55.3667388, 10.4315322, 61.20146344794409 
55.3667396, 10.4315298, 61.20746652584748 
55.3667401, 10.4315273, 61.23347014523193 
55.3667407, 10.4315251, 61.25547313193064 
55.3667412, 10.4315228, 61.30247641216724 
55.3667418, 10.4315205, 61.36447956842715 
55.3667423, 10.431518, 61.41448318779369 
55.3667429, 10.4315159, 61.40348600490685 
55.3667437, 10.4315136, 61.40248891320782 
55.3667445, 10.4315112, 61.41549199107229 
55.3667453, 10.4315089, 61.46549489936282 
55.3667458, 10.4315069, 61.52449767086432 
55.3667465, 10.4315048, 61.54950036398306 
55.3667474, 10.4315027, 61.517502809149335 
55.3667483, 10.431501, 61.517504576038135 
55.3667493, 10.4314995, 61.521505879811784 
55.3667502, 10.4314977, 61.55550781625972 
55.3667511, 10.4314957, 61.589510091838804 
55.366752, 10.4314938, 61.59151219784523 
55.366753, 10.4314919, 61.55451417987081 
55.3667539, 10.4314901, 61.54051611629998 
55.3667549, 10.4314884, 61.54851775918044 
55.3667558, 10.4314867, 61.585519526033025 
55.3667566, 10.431485, 61.62252141685876 
55.3667574, 10.4314833, 61.62552330768074 
55.3667584, 10.4314817, 61.59052478097586 
55.3667593, 10.4314802, 61.58352620867751 
55.3667602, 10.4314788, 61.59852746680822 
55.3667611, 10.4314769, 61.65552957276935 
55.3667618, 10.431475, 61.70253192668437 
55.3667623, 10.4314728, 61.72353503725434 
55.3667631, 10.4314707, 61.70153760631541 
55.3667636, 10.4314684, 61.73654088644398 
55.3667642, 10.4314661, 61.80054404258861 
55.3667644, 10.4314638, 61.89554769464861 
55.3667647, 10.4314616, 61.95655105315914 
55.366765, 10.4314598, 61.98855373340339 
55.3667655, 10.4314581, 61.987555996119625 
55.366766, 10.4314566, 62.024557919702346 
55.3667667, 10.4314552, 62.08155942575667 
55.3667674, 10.4314536, 62.16456127093899 
55.366768, 10.4314517, 62.22556374879488 
55.3667686, 10.4314498, 62.24956622664752 
55.3667695, 10.4314476, 62.25256884124802 
55.3667703, 10.4314456, 62.289571240695 
55.3667711, 10.4314437, 62.355573470572814 
55.3667716, 10.4314417, 62.437576241957274 
55.366772, 10.4314397, 62.47557913732058 
55.3667726, 10.4314376, 62.4885819542809 
55.3667732, 10.4314358, 62.50858426254469 
55.3667738, 10.431434, 62.5615865708054 
55.3667745, 10.4314322, 62.643588755080344 
55.3667751, 10.4314301, 62.71959157202656 
55.3667756, 10.4314281, 62.762594343388315 
55.3667761, 10.4314259, 62.78059745387415 
55.3667768, 10.4314239, 62.79259997726248 
55.3667775, 10.4314217, 62.84160283977367 
55.3667781, 10.43142, 62.89160497844794 
55.3667788, 10.4314177, 62.95260801051435 
55.3667796, 10.4314158, 62.964610240339766 
55.3667804, 10.4314138, 62.97961263972395 
55.3667812, 10.4314122, 63.00461436085252 
55.366782, 10.4314106, 63.04161608197754 
55.3667827, 10.4314089, 63.074618096646944 
55.3667833, 10.4314069, 63.11962074398619 
55.3667841, 10.4314048, 63.12162331291297 
55.3667848, 10.4314027, 63.11662600582106 
55.3667855, 10.4314007, 63.141628529162865 
55.3667862, 10.4313987, 63.18063105250077 
55.3667868, 10.4313966, 63.228633869383245 
55.3667873, 10.4313945, 63.26963681024855 
55.3667878, 10.4313928, 63.26963907286389 
55.3667884, 10.4313914, 63.2666407028051 
55.3667892, 10.43139, 63.27264208476954 
55.3667899, 10.4313886, 63.302643590718276 
55.3667906, 10.431387, 63.360645435786935 
55.3667913, 10.4313853, 63.411647450413795 
55.3667921, 10.4313837, 63.41264917148804 
55.3667929, 10.4313821, 63.41365089255875 
55.3667936, 10.4313804, 63.41865290717557 
55.3667943, 10.4313786, 63.44965509135004 
55.3667947, 10.431377, 63.49365730836692 
55.3667953, 10.4313754, 63.49665927740334 
55.366796, 10.4313738, 63.46166112244761 
55.3667968, 10.4313721, 63.44966301305958 
55.3667976, 10.4313704, 63.45166490366779 
55.3667982, 10.4313687, 63.48366704225278 
55.3667989, 10.4313664, 63.51467007420548 
55.3667995, 10.4313642, 63.53167306058411 
55.3668002, 10.4313619, 63.51167609252781 
55.3668008, 10.4313596, 63.503679248457715 
55.3668014, 10.4313572, 63.51068257394284 
55.3668018, 10.4313549, 63.5506859778463 
55.3668021, 10.4313526, 63.586689505737056 
55.3668024, 10.4313506, 63.59369252494674 
55.3668028, 10.4313486, 63.56769542016228 
55.3668033, 10.4313468, 63.55569785226571 
55.3668038, 10.4313453, 63.5616997756902 
55.3668044, 10.4313436, 63.58670191423816 
55.3668049, 10.4313419, 63.603704176775196 
55.3668055, 10.4313402, 63.595706315317614 
55.3668063, 10.4313384, 63.558708375431024 
55.3668069, 10.4313366, 63.54071068352553 
55.3668076, 10.4313345, 63.526713376298645 
55.3668081, 10.4313327, 63.543715808379446 
55.3668086, 10.431331, 63.55571807089966 
55.3668093, 10.4313295, 63.52671974631538 
55.3668099, 10.4313281, 63.47472137616396 
55.3668107, 10.4313268, 63.42772258846526 
55.3668115, 10.4313257, 63.39672346164822 
55.3668125, 10.4313242, 63.37772476506974 
55.3668133, 10.4313227, 63.35772631647603 
55.3668141, 10.4313211, 63.314728037436254 
55.366815, 10.4313194, 63.24672980395495 
55.3668157, 10.4313176, 63.2037319880176 
55.3668165, 10.4313158, 63.169734048081054 
55.3668171, 10.431314, 63.1577363561325 
55.3668177, 10.4313125, 63.1307381555103 
55.3668183, 10.4313112, 63.068739615772 
55.3668191, 10.4313099, 62.9917408280384 
55.3668199, 10.4313085, 62.936742209858366 
55.3668207, 10.4313071, 62.9107435916751 
55.3668213, 10.4313053, 62.9147458997095 
55.3668219, 10.4313033, 62.9117485468536 
55.3668224, 10.4313012, 62.872751487548115 
55.3668231, 10.4312989, 62.811754519355716 
55.3668236, 10.4312967, 62.79675762959866 
55.3668242, 10.4312946, 62.80676044628392 
55.3668244, 10.4312923, 62.83576409806956 
55.3668247, 10.4312901, 62.83676745629778 
55.366825, 10.4312878, 62.80877098407785 
55.3668255, 10.4312855, 62.77477426385764 
55.366826, 10.4312836, 62.78077686541317 
55.3668266, 10.4312819, 62.80777900385727 
55.366827, 10.43128, 62.8517817294057 
55.3668274, 10.431278, 62.87378462450602 
55.3668279, 10.4312759, 62.857787565159015 
55.3668286, 10.4312738, 62.83079025781045 
55.3668291, 10.4312717, 62.82779319845619 
55.3668297, 10.4312694, 62.86379635420744 
55.3668301, 10.4312672, 62.91379958839924 
55.3668305, 10.4312651, 62.92680265303362 
55.3668309, 10.4312632, 62.91280537855728 
55.3668314, 10.4312613, 62.89280798007846 
55.366832, 10.4312594, 62.89981045759683 
55.3668326, 10.4312573, 62.94081327421861 
55.3668332, 10.4312551, 62.98481626038979 
55.3668336, 10.4312531, 62.99481915545147 
55.3668341, 10.4312511, 62.98682192650973 
55.3668347, 10.4312492, 62.969824404011376 
55.3668353, 10.4312471, 62.972827220615116 
55.3668358, 10.431245, 63.00583016121598 
55.3668363, 10.431243, 63.032832932260916 
55.3668367, 10.4312412, 63.022835488199185 
55.3668372, 10.4312395, 62.98783775058152 
55.3668379, 10.4312377, 62.94983993451059 
55.3668386, 10.4312361, 62.942841779332255 
55.3668393, 10.4312345, 62.95884362415086 
55.3668399, 10.4312325, 62.976846271175674 
55.3668405, 10.4312305, 62.96084891819696 
55.3668412, 10.4312284, 62.93385161076384 
55.3668419, 10.4312262, 62.914854472877934 
55.3668425, 10.431224, 62.930857458990445 
55.3668429, 10.431222, 62.95886035400258 
55.3668434, 10.43122, 62.978863125008715 
55.3668439, 10.4312181, 62.95486572646074 
55.3668444, 10.4312162, 62.93086832790975 
55.366845, 10.4312144, 62.913870635801786 
55.3668456, 10.4312124, 62.92487328279172 
55.3668461, 10.4312102, 62.94587639288267 
55.3668468, 10.4312078, 62.94787959406241 
55.3668475, 10.4312057, 62.90988228658699 
55.3668481, 10.4312036, 62.887885103111756 
55.3668486, 10.4312014, 62.88288821318695 
55.3668491, 10.4311994, 62.907890984159096 
55.3668496, 10.4311974, 62.93389375512797 
55.3668501, 10.4311956, 62.927896186994815 
55.3668506, 10.4311937, 62.88889878840825 
55.3668512, 10.4311917, 62.87090143536272 
55.3668518, 10.4311899, 62.87490374321561 
55.3668524, 10.4311879, 62.90790639016329 
55.3668529, 10.4311859, 62.930909161113064 
55.3668534, 10.4311838, 62.91691210160829 
55.3668541, 10.4311815, 62.866915133185344 
55.3668547, 10.4311796, 62.82891761057018 
55.3668553, 10.4311776, 62.799920257500006 
55.3668556, 10.4311758, 62.78692293734912 
55.3668559, 10.4311742, 62.75892527809977 
55.3668562, 10.4311725, 62.69092778839641 
55.3668566, 10.4311709, 62.60493000513664 
55.3668571, 10.4311693, 62.52593209786817 
55.3668575, 10.4311677, 62.45693431460413 
55.3668579, 10.4311658, 62.38493703998056 
55.3668582, 10.4311638, 62.31294005890847 
55.3668586, 10.4311618, 62.19694295382655 
55.366859, 10.4311598, 62.064945848741615 
55.3668592, 10.4311577, 61.93194916121466 
55.3668594, 10.4311557, 61.812952304137795 
55.3668595, 10.4311538, 61.69395540151841 
55.3668595, 10.4311518, 61.567958792449716 
55.3668597, 10.43115, 61.39896159627159 
55.3668599, 10.4311482, 61.216964400091186 
55.36686, 10.4311466, 61.00796698882302 
55.3668601, 10.431145, 60.827969577553006 
55.36686, 10.4311433, 60.65097258384048 
55.3668599, 10.4311416, 60.4689755901255 
55.3668597, 10.4311393, 60.2149797376878 
55.3668596, 10.4311372, 59.99098342214852 
55.3668594, 10.4311351, 59.788987230611625 
55.3668593, 10.4311332, 59.62399057597481 
55.3668589, 10.4311312, 59.476994462896926 
55.3668584, 10.4311292, 59.327998473819775 
55.3668579, 10.431127, 59.1530028238265 
55.3668575, 10.4311248, 58.98300704982262 
55.3668571, 10.4311224, 58.81101161490172 
55.3668569, 10.4311202, 58.68101559287858 
55.3668568, 10.4311179, 58.5640196163908 
55.3668567, 10.4311158, 58.478023300811564 
55.3668566, 10.4311136, 58.35502715477209 
55.3668564, 10.4311114, 58.21303113273215 
55.3668564, 10.4311089, 58.08103537131019 
55.3668566, 10.4311066, 58.00503902279099 
55.3668569, 10.4311042, 57.93504271980723 
55.3668572, 10.4311024, 57.889045399564075 
55.3668576, 10.4311009, 57.79504744668763 
55.3668582, 10.4310994, 57.689049245801876 
55.3668588, 10.4310977, 57.5850513839982 
55.3668595, 10.4310959, 57.51505356772971 
55.3668601, 10.4310941, 57.45505587546212 
55.3668606, 10.4310923, 57.41305830719601 
55.3668611, 10.4310905, 57.36806073892712 
55.3668616, 10.4310885, 57.303063509738934 
55.3668622, 10.4310865, 57.2370661565426 
55.3668628, 10.4310845, 57.20506880334271 
55.3668633, 10.4310825, 57.21007157414456 
55.3668639, 10.4310807, 57.23407388185543 
55.3668646, 10.4310789, 57.21007606555764 
55.3668653, 10.4310773, 57.16007791017438 
55.3668661, 10.4310757, 57.13007963078193 
55.3668669, 10.431074, 57.14808152092676 
55.3668678, 10.4310723, 57.19708328706113 
55.3668687, 10.4310707, 57.244084883650515 
55.3668696, 10.4310692, 57.27108631069514 
55.3668706, 10.4310673, 57.28708829189006 
55.3668716, 10.4310656, 57.31408993399882 
55.3668725, 10.4310639, 57.356091700110944 
55.3668736, 10.4310625, 57.40209270958049 
55.3668746, 10.4310614, 57.43509333443322 
55.3668759, 10.4310601, 57.42909392633308 
55.3668772, 10.4310587, 57.42609468776597 
55.3668785, 10.4310574, 57.436095279651504 
55.3668797, 10.431056, 57.4670961650812 
55.3668809, 10.4310543, 57.505097559124614 
55.3668818, 10.4310527, 57.53809915565752 
55.3668826, 10.4310509, 57.53010121527814 
55.3668834, 10.4310491, 57.529103274894794 
55.3668837, 10.431047, 57.53410646318939 
55.3668839, 10.431045, 57.557109605953926 
55.3668838, 10.4310429, 57.596113290292124 
55.3668839, 10.4310414, 57.629115709367525 
55.3668838, 10.4310394, 57.62711922416073 
55.3668838, 10.4310374, 57.63112261493856 
55.3668834, 10.4310354, 57.64312650176092 
55.366883, 10.4310335, 57.68313021904027 
55.3668823, 10.4310312, 57.73213498650216 
55.3668818, 10.4310293, 57.76713882778245 
55.3668814, 10.4310268, 57.77314356227482 
55.3668813, 10.4310245, 57.78414758565434 
55.3668812, 10.4310223, 57.81215143949204 
55.3668811, 10.4310202, 57.87115512378835 
55.3668811, 10.4310186, 57.940157836385026 
55.3668813, 10.4310173, 57.98115979234837 
55.3668816, 10.4310159, 57.99116179383746 
55.366882, 10.4310145, 58.01516367131485 
55.3668825, 10.4310133, 58.06516508570644 
55.366883, 10.4310122, 58.13916633055961 
55.3668834, 10.4310111, 58.22316769942192 
55.3668838, 10.43101, 58.29116906828304 
55.3668844, 10.4310087, 58.31817052819427 
55.366885, 10.4310072, 58.34317232717642 
55.3668857, 10.4310058, 58.376173832608316 
55.3668864, 10.4310046, 58.44417499896461 
55.3668865, 10.4310037, 58.50717640078025 
55.3668865, 10.4310031, 58.530177417998146 
55.366886, 10.4310021, 58.5261797334181 
55.3668855, 10.431001, 58.541182218371745 
55.3668844, 10.4309999, 58.575185447387085 
55.3668832, 10.4309988, 58.636188800404945 
55.3668819, 10.4309975, 58.6911926164949 
55.3668807, 10.4309962, 58.74119630856576 
55.3668799, 10.430995, 58.75819933505911 
55.3668793, 10.4309938, 58.793202113531606 
55.366879, 10.4309927, 58.830204350442315 
55.3668787, 10.4309919, 58.89120607874629 
55.3668786, 10.4309912, 58.95520738949905 
55.3668785, 10.4309906, 58.98020853071641 
55.3668786, 10.43099, 58.990209423918394 
55.3668788, 10.4309893, 59.02421036264735 
55.366879, 10.4309884, 59.07721164044557 
55.3668792, 10.4309875, 59.14921291824314 
55.3668794, 10.4309857, 59.205215721851815 
55.3668794, 10.4309838, 59.23721894300787 
55.3668796, 10.4309816, 59.25122242474899 
55.3668797, 10.4309793, 59.282226200028234 
55.3668798, 10.4309769, 59.33123014483756 
55.3668798, 10.4309751, 59.40223319644723 
55.3668798, 10.4309732, 59.46623641758807 
55.3668799, 10.4309714, 59.497239345185406 
55.36688, 10.4309694, 59.51524261184714 
55.3668802, 10.4309674, 59.5372457544988 
55.3668804, 10.4309654, 59.566248897147545 
55.3668804, 10.4309637, 59.620251779208786 
55.36688, 10.4309616, 59.674255835426465 
55.3668794, 10.4309597, 59.70225980058703 
55.3668789, 10.4309574, 59.70026431986561 
55.3668786, 10.4309553, 59.71626825206186 
55.3668785, 10.4309533, 59.75327176671031 
55.3668785, 10.4309516, 59.816274648754074 
55.3668784, 10.4309498, 59.87127782433293 
55.3668783, 10.4309483, 59.89228049131413 
55.3668784, 10.4309464, 59.89828358840888 
55.3668785, 10.4309445, 59.90428668550095 
55.3668787, 10.4309426, 59.9342896585851 
55.3668787, 10.4309406, 59.99129304920824 
55.3668788, 10.4309391, 60.043295468168395 
55.3668788, 10.4309375, 60.06829818066289 
55.366879, 10.430936, 60.07630047561455 
55.366879, 10.4309344, 60.09330318810534 
55.3668791, 10.4309329, 60.139305607058695 
55.3668791, 10.4309315, 60.209307980484965 
55.3668792, 10.4309305, 60.26330955178361 
55.3668791, 10.4309294, 60.279311540621535 
55.3668793, 10.4309281, 60.282313496504216 
55.3668796, 10.4309268, 60.31231532838079 
55.3668801, 10.4309255, 60.376316912245926 
55.3668805, 10.4309243, 60.443318450584584 
55.3668809, 10.430923, 60.48332015845173 
55.3668813, 10.4309215, 60.486322205376794 
55.3668818, 10.4309196, 60.46332480641292 
55.3668821, 10.4309179, 60.45632731639843 
55.3668826, 10.4309161, 60.463329747899714 
55.366883, 10.4309146, 60.490331794816335 
55.3668833, 10.4309133, 60.50433362667867 
55.3668837, 10.4309122, 60.49233499547542 
55.3668842, 10.4309112, 60.48333607073573 
55.3668848, 10.4309103, 60.494336852459156 
55.3668853, 10.4309094, 60.52333775818756 
55.3668858, 10.4309086, 60.568338494385685 
55.3668863, 10.4309076, 60.58233956964043 
55.3668867, 10.4309065, 60.57134093842973 
55.3668873, 10.4309052, 60.561342398260756 
55.3668879, 10.4309038, 60.570344027618326 
55.3668886, 10.4309026, 60.597345193908716 
55.3668891, 10.4309016, 60.63034626915542 
55.3668899, 10.4309006, 60.634346972376235 
55.3668909, 10.4308995, 60.60734759710553 
55.3668922, 10.4308982, 60.58234818886027 
55.3668933, 10.430897, 60.57734885909866 
55.3668946, 10.430896, 60.59334894225502 
55.3668958, 10.4308951, 60.61534897988661 
55.3668971, 10.4308942, 60.609348893501185 
55.3668982, 10.4308931, 60.58134939418865 
55.3668995, 10.4308918, 60.5613499859036 
55.3669006, 10.4308905, 60.55835082563642 
55.3669019, 10.4308892, 60.56535141733809 
55.3669029, 10.4308882, 60.57835187248838 
55.366904, 10.4308871, 60.56835237314881 
55.3669051, 10.430886, 60.53835287380413 
55.3669065, 10.4308847, 60.50635334146631 
55.3669077, 10.4308835, 60.49735388762285 
55.3669091, 10.4308821, 60.49535452479773 
55.3669103, 10.4308808, 60.49935524046905 
55.3669118, 10.4308791, 60.493356262195455 
55.366913, 10.4308773, 60.46935782549205 
55.3669145, 10.4308752, 60.43635952531172 
55.3669158, 10.430873, 60.416361642685416 
55.366917, 10.4308709, 60.409363714541925 
55.366918, 10.4308689, 60.41136586490197 
55.366919, 10.4308663, 60.38536903242009 
55.3669198, 10.4308641, 60.34937176986206 
55.3669208, 10.4308623, 60.32037358115108 
55.3669219, 10.4308602, 60.312375776995324 
55.3669227, 10.4308577, 60.32737902300238 
55.3669234, 10.430855, 60.35138273207778 
55.3669242, 10.4308524, 60.36438614759973 
55.3669251, 10.4308499, 60.36338926956799 
55.3669258, 10.4308471, 60.37339314815149 
55.3669262, 10.4308446, 60.398396890215686 
55.3669262, 10.430842, 60.44240129788718 
55.3669261, 10.4308395, 60.49140566004918 
55.3669261, 10.4308366, 60.505410576286216 
55.3669263, 10.4308338, 60.498415074949534 
55.3669265, 10.4308311, 60.5164194040823 
55.3669268, 10.4308284, 60.54842360918869 
55.3669269, 10.4308258, 60.591427892807324 
55.366927, 10.4308232, 60.64743217642096 
55.366927, 10.4308205, 60.67043675357441 
55.3669271, 10.4308178, 60.65944120670163 
55.3669268, 10.4308152, 60.67644598638161 
55.3669265, 10.4308127, 60.719450596531836 
55.3669261, 10.43081, 60.78045566974242 
55.3669257, 10.4308075, 60.83646040389961 
55.3669254, 10.4308052, 60.85046467498535 
55.3669252, 10.4308031, 60.8504684830015 
55.366925, 10.4308007, 60.87547279958113 
55.3669248, 10.4307982, 60.9194772856779 
55.3669244, 10.4307956, 60.98648218932813 
55.3669241, 10.430793, 61.04548696895331 
55.3669241, 10.4307901, 61.078491885083025 
55.3669241, 10.4307872, 61.08749680120626 
55.3669242, 10.4307844, 61.10650142378402 
55.3669243, 10.4307819, 61.14950553779303 
55.3669243, 10.4307793, 61.20650994533581 
55.3669244, 10.4307768, 61.24851405933528 
55.3669246, 10.4307742, 61.25151821883304 
55.366925, 10.4307713, 61.24352263885152 
55.3669251, 10.4307688, 61.26452675283641 
55.3669253, 10.4307665, 61.309530403759624 
55.3669253, 10.430764, 61.36553464175295 
55.3669252, 10.4307613, 61.41753934279748 
55.366925, 10.4307586, 61.43554416785295 
55.366925, 10.4307557, 61.42454908390661 
55.3669249, 10.4307532, 61.435553445895266 
55.3669247, 10.4307506, 61.47455810141376 
55.3669245, 10.4307482, 61.52956241788962 
55.3669242, 10.430746, 61.56756651934 
55.366924, 10.4307436, 61.56257083580583 
55.3669238, 10.4307412, 61.550575152266575 
55.3669237, 10.4307389, 61.55257917518928 
55.3669237, 10.4307367, 61.59358290457489 
55.3669236, 10.4307343, 61.65758709700641 
55.3669233, 10.4307316, 61.70959204601414 
55.366923, 10.4307288, 61.720597164531824 
55.3669227, 10.4307261, 61.715602113525705 
55.3669224, 10.4307233, 61.72260723202904 
55.366922, 10.4307204, 61.75861264405497 
55.3669216, 10.4307179, 61.81961737800911 
55.3669211, 10.4307155, 61.866622066454184 
55.3669206, 10.4307133, 61.866626415861546 
55.3669201, 10.4307111, 61.853630765263055 
55.3669197, 10.4307088, 61.865635160161524 
55.3669195, 10.4307067, 61.91463896800069 
55.3669192, 10.4307042, 61.97264357790649 
55.3669188, 10.4307015, 62.01364865084673 
55.3669183, 10.4306987, 62.0216540173049 
55.3669178, 10.4306961, 62.00865904472652 
55.3669173, 10.4306936, 62.01766390262677 
55.3669167, 10.4306911, 62.068668884529885 
55.3669161, 10.4306889, 62.12967335788504 
55.3669155, 10.4306868, 62.15067766172041 
55.3669149, 10.4306847, 62.13768196554955 
55.3669144, 10.4306824, 62.12268648438952 
55.366914, 10.4306804, 62.141690370677125 
55.3669137, 10.4306781, 62.19569464148939 
55.3669133, 10.4306757, 62.23869920581649 
55.3669128, 10.4306733, 62.25370389414492 
55.3669123, 10.4306708, 62.23770875197841 
55.366912, 10.4306682, 62.22571353130281 
55.3669118, 10.4306657, 62.2297180171028 
55.3669116, 10.4306634, 62.270722163875 
55.3669112, 10.4306614, 62.29972605012185 
55.3669106, 10.4306592, 62.298730523397325 
55.3669103, 10.4306571, 62.2697344551392 
55.3669102, 10.4306551, 62.23473796935556 
55.3669102, 10.4306535, 62.20474068152196 
55.3669104, 10.430652, 62.19874297616558 
55.3669105, 10.4306506, 62.20074522530281 
55.3669106, 10.430649, 62.183747813458616 
55.3669108, 10.4306476, 62.09974993858749 
55.3669112, 10.4306462, 61.98675181570421 
55.3669116, 10.4306448, 61.89475369281925 
55.3669121, 10.4306435, 61.84575527641729 
55.3669123, 10.4306422, 61.80875723203082 
55.3669125, 10.4306411, 61.75175884862418 
55.3669129, 10.4306399, 61.63876038671441 
55.3669135, 10.4306386, 61.509761846300634 
55.3669139, 10.4306373, 61.425763553897085 
55.3669145, 10.4306362, 61.36976467446101 
55.366915, 10.4306344, 61.30576710559339 
55.3669156, 10.4306324, 61.23276975173428 
55.3669161, 10.4306304, 61.13077252187848 
55.3669167, 10.4306284, 61.03077516801244 
55.3669173, 10.4306263, 64.77977798365148 
55.3669178, 10.4306242, 64.753780923294 
55.366918, 10.4306221, 64.75678423495489 
55.3669182, 10.4306201, 64.75178737710448 
55.3669183, 10.4306182, 64.72179047375039 
55.3669187, 10.4306167, 64.6887925203405 
55.3669189, 10.4306152, 64.66379481494347 
55.3669191, 10.4306134, 64.66379761806779 
55.3669192, 10.4306117, 64.67580037568952 
55.3669194, 10.43061, 64.65380300930188 
55.3669197, 10.4306083, 64.61680551890483 
55.3669201, 10.4306067, 64.58280773499106 
55.3669203, 10.4306049, 64.5688105381043 
55.3669205, 10.4306036, 64.58581249368046 
55.3669206, 10.4306023, 64.59681457326289 
55.3669209, 10.4306009, 64.55881657433588 
55.366921, 10.4305997, 64.51981848440911 
55.3669214, 10.4305987, 64.4858196834454 
55.3669218, 10.4305977, 64.47782088248059 
55.3669225, 10.4305966, 64.48682187899739 
55.3669231, 10.4305953, 64.47982333853294 
55.3669239, 10.4305942, 64.43382421103667 
55.3669248, 10.430593, 64.38982512903499 
55.366926, 10.4305916, 64.35982601401452 
55.3669267, 10.4305903, 64.36882734952982 
55.3669272, 10.430589, 64.37782893306209 
55.3669277, 10.4305878, 64.35083034708646 
55.3669284, 10.4305868, 64.29983117407699 
55.3669289, 10.4305858, 64.26983224908597 
55.3669296, 10.4305851, 64.2648325675546 
55.3669303, 10.4305841, 64.30083339453897 
55.366931, 10.4305832, 64.32183405201516 
55.3669316, 10.4305823, 64.30183483350056 
55.3669323, 10.4305813, 64.2588356604785 
55.366933, 10.4305802, 64.24483665695988 
55.3669336, 10.4305792, 64.25883760794534 
55.3669338, 10.430578, 64.289839393989 
55.3669341, 10.4305771, 64.29984054750281 
55.3669342, 10.4305763, 64.28684177953483 
55.3669346, 10.4305758, 64.26584213101317 
55.3669351, 10.4305753, 64.25584235847833 
55.3669358, 10.4305749, 64.26684216841137 
55.3669365, 10.4305744, 64.29484214784786 
55.3669372, 10.4305738, 64.30484229678777 
55.3669377, 10.4305732, 64.28984269375293 
55.3669383, 10.4305727, 64.26784279719777 
55.366939, 10.4305721, 64.27284294613243 
55.3669395, 10.4305714, 64.32384351259913 
55.3669402, 10.4305707, 64.35884383103559 
55.3669409, 10.4305702, 64.35484381045931 
55.3669417, 10.4305697, 64.35284366586586 
55.3669424, 10.4305692, 64.36684364528527 
55.3669431, 10.4305687, 64.40284362470267 
55.3669439, 10.4305681, 64.44184364960728 
55.3669443, 10.4305671, 64.47784484859568 
55.3669446, 10.4305664, 64.48384566308366 
55.3669451, 10.4305655, 64.4928465685485 
55.3669457, 10.4305647, 64.51684718049025 
55.3669461, 10.4305638, 64.56784820996927 
55.3669466, 10.4305629, 64.61984911543027 
55.3669471, 10.4305619, 64.643850190395 
55.3669475, 10.4305611, 64.63485105036575 
55.3669479, 10.4305604, 64.64685174083071 
55.3669484, 10.43056, 64.67585179876248 
55.3669488, 10.4305591, 64.74085282823552 
55.3669493, 10.430558, 64.79985407269919 
55.3669496, 10.4305567, 64.82985590420705 
55.36695, 10.4305554, 64.82985761169539 
55.3669504, 10.4305541, 64.85385931918225 
55.3669511, 10.4305527, 64.88686082411664 
55.3669516, 10.4305512, 64.96686274659015 
55.3669522, 10.4305499, 65.04186420603406 
55.3669527, 10.4305488, 65.0828654504864 
55.3669534, 10.4305477, 65.0938664468987 
55.3669541, 10.4305467, 65.14486727380452 
55.3669548, 10.4305459, 65.20886776169979 
55.3669555, 10.4305447, 65.2958689276093 
55.3669562, 10.4305435, 65.37087009351634 
55.3669568, 10.4305424, 65.4208712139375 
55.3669577, 10.4305414, 65.4408717927904 
55.3669584, 10.4305403, 65.4938727891861 
55.3669593, 10.4305391, 65.56287370704034 
55.3669601, 10.4305378, 65.65887491841646 
55.3669609, 10.4305365, 65.74087612978946 
55.3669616, 10.4305355, 65.79087695667074 
55.3669623, 10.4305347, 65.81387744454257 
55.3669631, 10.430534, 65.86287763888575 
55.366964, 10.4305335, 65.91887737019584 
55.3669648, 10.4305327, 65.99687773403701 
55.3669656, 10.4305318, 66.06287826737899 
55.3669664, 10.4305309, 66.09087880071823 
55.3669672, 10.4305301, 66.10687916455123 
55.3669681, 10.4305291, 66.15687974336359 
55.366969, 10.4305281, 66.22588032217243 
55.3669698, 10.4305271, 66.30088102500336 
55.3669705, 10.4305264, 66.33288134334722 
55.3669714, 10.4305258, 66.35688124413338 
55.3669724, 10.4305255, 66.3718805123795 
55.3669734, 10.4305251, 66.43087995012482 
55.3669744, 10.4305248, 66.49687921836255 
55.3669753, 10.4305242, 66.58087911913425 
55.3669763, 10.4305237, 66.63187872637099 
55.3669773, 10.4305232, 66.65487833360359 
55.3669784, 10.4305226, 66.66087798630642 
55.3669795, 10.4305219, 66.70987780850771 
55.3669806, 10.4305213, 66.78087746120059 
55.3669813, 10.4305204, 66.85787811852035 
55.366982, 10.4305198, 66.87587826732775 
55.3669825, 10.430519, 66.87087900320151 
55.3669832, 10.4305184, 66.85887915200539 
55.3669839, 10.4305179, 66.87587913130386 
55.3669846, 10.4305174, 66.91687911060029 
55.3669854, 10.4305168, 66.97787913536615 
55.3669863, 10.4305164, 67.0118786970904 
55.366987, 10.4305159, 67.02287867637993 
55.3669878, 10.4305153, 67.03887870113788 
55.3669886, 10.4305145, 67.06887906489986 
55.3669893, 10.4305136, 67.12487972219589 
55.36699, 10.4305128, 67.18588020998652 
55.3669908, 10.4305122, 67.1968802347345 
55.3669918, 10.4305117, 67.21487984190762 
55.3669928, 10.4305114, 67.24287911007012 
55.3669937, 10.430511, 67.30287867176706 
55.3669947, 10.4305107, 67.38187793992157 
55.3669957, 10.4305102, 67.46687754707858 
55.3669968, 10.4305098, 67.5098768606915 
55.3669981, 10.430509, 67.57387660423856 
55.3669993, 10.4305082, 67.63987647181631 
55.3670004, 10.4305072, 67.73987680243292 
55.3670013, 10.4305062, 67.84887738112145 
55.3670022, 10.4305052, 67.93087795980651 
55.3670032, 10.4305045, 67.96687790593916 
55.3670042, 10.4305038, 68.01787785206776 
55.3670054, 10.4305032, 68.08587738060888 
55.3670065, 10.4305026, 68.19387703318459 
55.3670076, 10.430502, 68.31187668575535 
55.3670086, 10.4305013, 68.38787663186582 
55.3670096, 10.4305006, 68.42387657797218 
55.3670107, 10.4304998, 68.47187656953537 
55.367012, 10.4304988, 68.54187665201448 
55.3670132, 10.4304978, 68.64587685852993 
55.3670143, 10.4304969, 68.73687701957998 
55.3670154, 10.4304962, 68.79887684161866 
55.3670165, 10.4304958, 68.82287615514278 
55.3670175, 10.4304954, 68.86187559270694 
55.3670185, 10.4304949, 68.91787519977021 
55.3670196, 10.4304944, 69.00287468278341 
55.3670207, 10.4304937, 69.08787450479811 
55.3670217, 10.4304931, 69.14087428135137 
55.3670227, 10.4304925, 69.16787405790055 
55.3670239, 10.4304915, 69.2318742643632 
55.367025, 10.4304905, 69.31487459486803 
55.3670258, 10.4304892, 69.42187580602284 
55.3670266, 10.4304879, 69.51087701717451 
55.3670274, 10.4304868, 69.58287788931696 
55.3670285, 10.430486, 69.6328778807993 
55.3670296, 10.4304854, 69.70487753327063 
55.3670308, 10.4304847, 69.80587723118958 
55.3670318, 10.4304839, 69.9228773467074 
55.3670328, 10.4304831, 70.00787746222107 
55.3670339, 10.4304825, 70.05987711467293 
55.3670351, 10.4304819, 70.12187664306765 
55.3670365, 10.4304812, 70.19387609285393 
55.3670378, 10.4304805, 70.29187566668551 
55.367039, 10.4304798, 70.39387536456397 
55.3670401, 10.4304793, 70.45287484748468 
55.3670411, 10.4304789, 70.49887428495201 
55.3670422, 10.4304786, 70.52687342885702 
55.3670433, 10.4304784, 70.5748724032537 
55.3670445, 10.430478, 70.64587159259548 
55.3670457, 10.4304775, 70.71687095143446 
55.3670468, 10.4304772, 70.75687009531816 
55.3670479, 10.4304768, 70.7958694087 
55.3670489, 10.4304763, 70.8128690156381 
55.36705, 10.4304755, 70.87586900702334 
55.3670509, 10.4304749, 70.9528689075149 
55.3670517, 10.4304742, 71.00586910156551 
55.3670526, 10.4304737, 71.01586883254755 
55.3670537, 10.4304733, 71.03186814590313 
55.3670547, 10.4304732, 71.05186707480429 
55.3670559, 10.4304732, 71.10686558607597 
55.3670571, 10.4304729, 71.16886460585147 
55.3670582, 10.4304726, 71.17286374968282 
55.3670593, 10.4304725, 71.13786255450222 
55.3670605, 10.4304724, 71.08086123525344 
55.3670619, 10.4304723, 71.01485966787138 
55.3670633, 10.4304719, 70.95685860899162 
55.3670645, 10.4304714, 70.9058579677367 
55.3670655, 10.430471, 70.80785740510238 
55.3670665, 10.4304707, 70.68285667296026 
55.3670676, 10.4304703, 70.57585598625168 
55.3670686, 10.4304699, 70.50085542360449 
55.3670696, 10.4304694, 70.44785503045685 
55.3670708, 10.430469, 70.39885421966682 
55.367072, 10.4304685, 70.31285357837449 
55.3670732, 10.4304679, 70.21485310657994 
55.3670744, 10.4304671, 70.14485297378701 
55.3670758, 10.4304662, 70.11485276235314 
55.367077, 10.4304651, 70.08685313805854 
55.3670781, 10.4304642, 70.03485329882089 
55.3670793, 10.4304634, 69.92485316600369 
55.3670803, 10.4304629, 69.82185277281201 
55.3670815, 10.4304625, 69.73685196196907 
55.3670827, 10.4304623, 69.7048508121126 
55.3670839, 10.4304618, 69.67985017076137 
55.3670853, 10.4304613, 69.63184928125753 
55.3670865, 10.4304607, 69.54284880939719 
55.3670878, 10.4304599, 69.44084855246425 
55.3670889, 10.4304589, 69.32784888268174 
55.3670898, 10.4304579, 69.2408494610446 
55.3670905, 10.4304566, 69.14785079606621 
55.3670912, 10.4304556, 69.01985162257418 
55.3670919, 10.4304546, 68.87385244907988 
55.3670927, 10.4304537, 68.74385298200349 
55.3670936, 10.430453, 68.6368530518406 
55.3670946, 10.4304525, 68.56185265859023 
55.3670959, 10.4304517, 68.4878524016139 
55.3670969, 10.4304512, 68.39985200835406 
55.367098, 10.4304506, 68.31485166051525 
55.3670991, 10.4304499, 68.23885148217505 
55.3671003, 10.430449, 68.19285151875769 
55.3671014, 10.4304481, 68.16685167941421 
55.3671027, 10.4304473, 68.11385142240155 
55.3671041, 10.4304468, 68.00985053279022 
55.3671053, 10.4304465, 67.92784955232649 
55.3671065, 10.4304463, 67.85984840235301 
55.3671076, 10.4304461, 67.82384737645586 
55.3671086, 10.4304457, 67.8038468136439 
55.3671095, 10.4304452, 67.74984654441491 
55.3671106, 10.4304449, 67.67284568800767 
55.3671117, 10.4304443, 67.60584534010668 
55.3671131, 10.4304438, 67.55284445044278 
55.3671142, 10.4304432, 67.53284410253043 
55.3671152, 10.4304425, 67.51784404820265 
55.3671162, 10.430442, 67.46484365486307 
55.3671173, 10.4304415, 67.3948431374329 
55.3671184, 10.430441, 67.34584261999771 
55.3671194, 10.4304405, 67.31984222664495 
55.3671205, 10.4304399, 67.32784187870408 
55.3671217, 10.4304391, 67.35484174567758 
55.3671227, 10.4304385, 67.3418415218151 
55.367124, 10.430438, 67.30084075617687 
55.3671252, 10.4304373, 67.27884045362923 
55.3671266, 10.4304365, 67.27284007239884 
55.3671279, 10.4304356, 67.30283998475524 
55.3671292, 10.4304348, 67.32283972760078 
55.3671304, 10.4304343, 67.30783908601971 
55.3671317, 10.4304339, 67.27783815083622 
55.367133, 10.4304336, 67.2658370461417 
55.3671343, 10.4304332, 67.28183611094406 
55.3671356, 10.4304327, 67.3158353452433 
55.3671368, 10.4304322, 67.34383470363029 
55.367138, 10.4304318, 67.33883389250724 
55.3671394, 10.4304314, 67.31483283318661 
55.3671407, 10.4304308, 67.30183223696245 
55.3671419, 10.4304301, 67.30983193433224 
55.367143, 10.4304294, 67.32483175579343 
55.367144, 10.4304287, 67.31283170134732 
55.3671449, 10.4304282, 67.26783143198702 
55.3671459, 10.4304279, 67.2188306995166 
55.3671469, 10.4304275, 67.18983013654614 
55.3671482, 10.4304272, 67.16282903176918 
55.3671492, 10.4304267, 67.15782863829337 
55.3671501, 10.4304262, 67.15782836891371 
55.3671511, 10.4304257, 67.11282797543004 
55.367152, 10.4304252, 67.05782770604337 
55.3671531, 10.4304245, 67.01982752745883 
55.3671543, 10.4304236, 67.00282756377581 
55.3671552, 10.4304227, 67.01182797239406 
55.3671561, 10.4304217, 66.99182855051303 
55.3671568, 10.4304211, 66.93582869881809 
55.3671575, 10.4304208, 66.88782833860861 
55.3671583, 10.4304206, 66.86182768478942 
55.3671593, 10.4304203, 66.8488269522637 
55.3671602, 10.4304198, 66.84982668284668 
55.3671609, 10.4304193, 66.86782666163576 
55.3671615, 10.4304187, 66.84382693403198 
55.367162, 10.430418, 66.78882750003599 
55.3671626, 10.4304172, 66.73082811143762 
55.3671635, 10.4304163, 66.70682852002479 
55.3671644, 10.4304158, 66.73982825059224 
55.3671653, 10.4304155, 66.77682764214819 
55.3671662, 10.4304153, 87.98482686419658 
55.3671672, 10.430415, 88.30782613163846 
55.3671681, 10.4304149, 88.46682518417546 
55.367169, 10.4304147, 88.6278244062132 
55.36717, 10.4304145, 88.752823504139 
55.3671707, 10.4304143, 88.86782297438715 
55.3671715, 10.4304142, 88.9218221510198 
55.3671723, 10.4304139, 88.93282166665834 
55.3671734, 10.4304136, 88.91282080996464 
55.3671745, 10.4304134, 88.91281978376145 
55.3671755, 10.4304131, 88.9408190511684 
55.3671764, 10.430413, 88.9398181036735 
55.3671774, 10.4304131, 88.89381669305448 
55.3671785, 10.4304134, 88.83181481930963 
55.3671797, 10.4304136, 88.77381299095106 
55.3671808, 10.4304138, 88.74881128669911 
55.3671818, 10.4304138, 88.74281004556478 
55.3671827, 10.4304136, 88.72080926754973 
55.3671835, 10.4304132, 88.6628089526553 
55.3671843, 10.4304127, 88.59280880726301 
55.3671851, 10.4304122, 88.52280866186808 
55.3671859, 10.4304117, 88.46580851647053 
55.3671868, 10.4304113, 88.40780807744989 
55.3671876, 10.4304111, 88.32880742353223 
55.3671883, 10.4304112, 88.21880638521371 
55.3671889, 10.4304115, 88.10680513199978 
55.3671895, 10.4304119, 88.00580370927904 
55.3671901, 10.4304122, 87.93180245606143 
55.3671909, 10.4304124, 87.86880112411194 
55.3671918, 10.4304125, 87.79379983754663 
55.3671928, 10.4304127, 87.67979825735401 
55.3671938, 10.4304127, 87.55679701616728 
55.367195, 10.4304127, 87.42879552673742 
55.3671962, 10.4304128, 87.3387938677958 
55.3671974, 10.4304131, 87.25179186983681 
55.3671985, 10.4304135, 87.15178982648652 
55.3671996, 10.4304142, 87.02178727461343 
55.3672007, 10.4304149, 86.88078472273386 
55.3672019, 10.4304157, 86.75378187721937 
55.367203, 10.4304164, 86.67477932532628 
55.367204, 10.4304169, 86.59877723656253 
55.3672049, 10.4304173, 86.52077544142387 
55.3672057, 10.4304177, 86.41177377040557 
55.3672066, 10.4304179, 86.29477231427182 
55.3672074, 10.4304181, 86.18577098225947 
55.3672083, 10.4304185, 86.11876918710576 
55.3672089, 10.4304188, 86.07576793383224 
55.3672096, 10.4304191, 86.00476655643074 
55.3672104, 10.4304195, 85.91376488539373 
55.3672113, 10.43042, 85.82176292071983 
55.3672123, 10.4304206, 85.74476066240757 
55.3672134, 10.430421, 85.69275861897586 
55.3672144, 10.4304209, 85.6497575472012 
55.3672155, 10.4304207, 85.59775652080029 
55.3672162, 10.4304203, 85.52975632992505 
55.3672168, 10.4304199, 85.46775626317721 
55.3672173, 10.4304195, 85.42575632055747 
55.3672179, 10.4304191, 85.43175625380692 
55.3672182, 10.4304186, 85.45075672895176 
55.3672185, 10.430418, 85.45175737360304 
55.3672187, 10.4304175, 85.4287579728771 
55.3672191, 10.4304171, 85.39775815438364 
55.3672196, 10.4304169, 85.37975787274549 
55.3672203, 10.4304166, 85.39375751235161 
55.367221, 10.4304162, 85.41575732146259 
55.3672217, 10.4304157, 85.44675730007839 
55.3672223, 10.4304152, 85.48475740282376 
55.3672228, 10.4304148, 85.50475746019261 
55.3672235, 10.4304143, 85.53475743880321 
55.3672243, 10.4304136, 85.59575763229302 
55.3672251, 10.4304131, 85.68375748676655 
55.3672258, 10.4304129, 85.7447569568501 
55.3672262, 10.4304125, 85.80775713834497 
55.3672265, 10.4304121, 85.86075744397245 
55.3672268, 10.430412, 85.92475724107919 
55.3672272, 10.4304119, 85.99675691405199 
55.3672278, 10.430412, 86.09175599974284 
55.3672284, 10.4304119, 86.1727554244458 
55.367229, 10.4304118, 86.2517548491472 
55.3672295, 10.4304116, 86.33375456748857 
55.3672301, 10.4304112, 86.4057545007079 
55.3672308, 10.4304108, 86.47675430979064 
55.3672314, 10.4304103, 86.56775441251361 
55.3672318, 10.4304099, 86.64475459399935 
55.3672323, 10.4304094, 86.72775482085555 
55.3672326, 10.4304089, 86.79475529598247 
55.3672329, 10.4304085, 86.84475560160209 
55.3672331, 10.4304082, 86.89275586185056 
55.3672333, 10.430408, 86.94775595259205 
55.3672335, 10.4304077, 87.00675621284014 
55.3672339, 10.4304074, 87.0617562248155 
55.3672343, 10.430407, 87.118756406297 
55.3672348, 10.4304068, 87.17375612462757 
55.3672351, 10.4304065, 87.22875626073764 
55.3672354, 10.4304062, 87.29075639684729 
55.3672356, 10.4304059, 87.34575665709357 
55.3672357, 10.4304056, 87.40275704147676 
55.3672359, 10.4304055, 87.46375696270934 
55.367236, 10.4304053, 87.52175717758566 
55.3672362, 10.4304051, 87.58675726832469 
55.3672364, 10.430405, 87.65275718955685 
55.3672366, 10.4304048, 87.71675728029558 
55.3672368, 10.4304046, 87.78475737103409 
55.367237, 10.4304044, 87.85675746177245 
55.3672371, 10.4304042, 87.92975767664828 
55.3672373, 10.4304039, 88.00975793689305 
55.3672374, 10.4304037, 88.07975815176871 
55.3672374, 10.4304036, 88.14475832127533 
55.3672376, 10.4304034, 88.22075841201317 
55.3672377, 10.4304032, 88.28975862688868 
55.3672378, 10.4304032, 88.35675850275084 
55.3672379, 10.4304031, 88.42075854811962 
55.3672379, 10.4304031, 88.47275854811963 
55.3672379, 10.430403, 88.52275871762623 
55.3672379, 10.4304032, 88.57575837861297 
55.3672379, 10.4304033, 88.62775820910633 
55.3672379, 10.4304037, 88.6747575310797 
55.367238, 10.4304039, 88.72475706792837 
55.367238, 10.4304043, 88.77275638990153 
55.367238, 10.4304047, 88.82175571187457 
55.3672378, 10.430405, 88.8657554516302 
55.3672376, 10.4304052, 88.9097553608924 
55.3672374, 10.4304055, 88.94375510064768 
55.3672373, 10.4304058, 88.98575471626505 
55.3672373, 10.4304061, 89.02875420774456 
55.3672374, 10.4304062, 89.07675391409992 
55.3672374, 10.4304065, 89.11875340557935 
55.3672374, 10.4304069, 89.15375272755182 
55.3672374, 10.4304071, 89.175752388538 
55.3672374, 10.4304074, 89.20175188001721 
